wall_time,cam,rtp_seq,pipeline_ms,dropped_nals
15:46:50.820,1,18450,27.442,3
15:46:50.848,1,18451,13.656,0
15:46:50.864,0,3464,19.620,3
15:46:50.872,2,25863,39.491,3
15:46:50.883,0,3465,7.329,0
15:46:50.886,1,18453,12.066,0
15:46:50.896,2,25864,21.917,0
15:46:50.920,1,18455,15.238,0
15:46:50.922,0,3467,3.710,0
15:46:50.934,2,25866,15.534,0
15:46:50.958,1,18456,11.151,0
15:46:50.972,2,25868,13.124,0
15:46:50.974,0,3469,11.139,0
15:46:51.011,1,18457,19.317,0
15:46:51.011,2,25869,20.379,0
15:46:51.019,0,3470,15.263,0
15:46:51.054,2,25870,20.461,0
15:46:51.055,1,18458,21.411,0
15:46:51.060,0,3471,22.796,0
15:46:51.077,1,18459,10.827,0
15:46:51.091,0,3472,12.741,0
15:46:51.091,2,25871,13.475,0
15:46:51.118,1,18460,10.751,0
15:46:51.131,2,25872,12.248,0
15:46:51.136,0,3473,13.122,0
15:46:51.170,1,18461,17.522,0
15:46:51.171,2,25873,19.991,0
15:46:51.182,0,3474,17.644,0
15:46:51.215,2,25874,22.371,0
15:46:51.216,1,18462,21.506,0
15:46:51.222,0,3475,25.600,0
15:46:51.245,1,18463,19.184,0
15:46:51.257,2,25875,20.972,0
15:46:51.259,0,3476,20.563,0
15:46:51.285,1,18464,16.973,0
15:46:51.297,2,25876,17.686,0
15:46:51.297,0,3477,14.793,0
15:46:51.386,1,18472,31.095,1
15:46:51.388,2,25878,22.807,1
15:46:51.389,0,3478,22.710,1
15:46:51.403,1,18473,7.636,0
15:46:51.430,2,25887,27.016,0
15:46:51.435,0,3484,36.130,0
15:46:51.448,0,3485,8.533,0
15:46:51.450,1,18475,14.937,0
15:46:51.458,2,25889,14.583,0
15:46:51.478,1,18476,11.465,0
15:46:51.488,2,25890,12.800,0
15:46:51.497,0,3487,12.104,0
15:46:51.524,1,18477,15.426,0
15:46:51.534,0,3488,14.119,0
15:46:51.537,2,25891,15.974,0
15:46:51.569,1,18478,16.476,0
15:46:51.581,0,3489,22.527,0
15:46:51.582,2,25892,23.211,0
15:46:51.612,1,18479,17.026,0
15:46:51.623,2,25893,22.934,0
15:46:51.628,0,3490,24.073,0
15:46:51.642,1,18480,15.057,0
15:46:51.646,2,25894,13.789,0
15:46:51.653,0,3491,8.960,0
15:46:51.684,1,18484,15.511,0
15:46:51.700,2,25895,25.448,0
15:46:51.700,0,3492,22.654,0
15:46:51.729,1,18485,16.131,0
15:46:51.738,0,3496,18.805,0
15:46:51.741,2,25899,23.022,0
15:46:51.773,1,18486,17.536,0
15:46:51.783,2,25900,22.880,0
15:46:51.787,0,3497,23.950,0
15:46:51.799,1,18487,11.461,0
15:46:51.806,2,25901,13.792,0
15:46:51.817,0,3498,12.563,0
15:46:51.842,1,18488,13.547,0
15:46:51.850,2,25902,15.424,0
15:46:51.855,0,3499,17.375,0
15:46:51.891,1,18489,18.125,0
15:46:51.903,2,25903,24.671,0
15:46:51.905,0,3500,26.475,0
15:46:51.976,2,25904,13.298,1
15:46:51.980,0,3501,12.056,1
15:46:51.990,1,18497,34.895,1
15:46:52.010,1,18498,10.518,0
15:46:52.022,2,25913,23.136,0
15:46:52.023,0,3507,14.355,0
15:46:52.042,1,18500,13.561,0
15:46:52.050,2,25915,13.788,0
15:46:52.051,0,3509,11.895,0
15:46:52.083,1,18501,13.317,0
15:46:52.101,0,3510,17.821,0
15:46:52.102,2,25916,19.275,0
15:46:52.130,2,25917,16.659,0
15:46:52.130,1,18502,16.277,0
15:46:52.141,0,3511,15.675,0
15:46:52.173,2,25918,17.280,0
15:46:52.174,1,18503,18.905,0
15:46:52.182,0,3512,16.694,0
15:46:52.199,1,18504,11.793,0
15:46:52.211,0,3513,12.464,0
15:46:52.215,2,25919,14.353,0
15:46:52.243,1,18505,13.380,0
15:46:52.251,2,25920,17.881,0
15:46:52.253,0,3514,14.040,0
15:46:52.290,1,18506,16.555,0
15:46:52.294,2,25921,18.879,0
15:46:52.303,0,3515,18.243,0
15:46:52.331,1,18507,15.760,0
15:46:52.337,2,25922,17.758,0
15:46:52.345,0,3516,19.701,0
15:46:52.362,1,18508,14.651,0
15:46:52.377,0,3517,19.248,0
15:46:52.378,2,25923,17.298,0
15:46:52.403,1,18509,13.714,0
15:46:52.412,2,25924,19.687,0
15:46:52.416,0,3518,15.780,0
15:46:52.445,1,18510,11.062,0
15:46:52.449,2,25925,14.046,0
15:46:52.457,0,3519,12.780,0
15:46:52.495,1,18511,20.331,0
15:46:52.499,2,25926,20.182,0
15:46:52.508,0,3520,22.125,0
15:46:52.582,2,25927,21.172,1
15:46:52.584,0,3521,10.085,1
15:46:52.598,1,18518,6.449,2
15:46:52.630,0,3526,25.190,0
15:46:52.630,2,25935,28.165,0
15:46:52.643,2,25936,10.084,0
15:46:52.645,1,18521,13.035,0
15:46:52.658,0,3528,10.711,0
15:46:52.690,2,25938,14.280,0
15:46:52.693,1,18525,16.400,0
15:46:52.701,0,3529,12.994,0
15:46:52.722,1,18526,13.238,0
15:46:52.733,2,25942,14.378,0
15:46:52.736,0,3533,16.114,0
15:46:52.765,1,18527,14.265,0
15:46:52.779,2,25943,16.261,0
15:46:52.779,0,3534,15.727,0
15:46:52.811,2,25944,17.693,0
15:46:52.812,1,18528,17.569,0
15:46:52.821,0,3535,12.849,0
15:46:52.851,0,3536,14.125,0
15:46:52.855,2,25945,19.026,0
15:46:52.858,1,18529,22.173,0
15:46:52.880,1,18530,11.427,0
15:46:52.895,0,3537,14.967,0
15:46:52.896,2,25946,16.581,0
15:46:52.925,1,18531,13.936,0
15:46:52.940,0,3538,15.993,0
15:46:52.941,2,25947,19.720,0
15:46:52.970,2,25948,17.218,0
15:46:52.975,1,18532,18.785,0
15:46:52.983,0,3539,16.718,0
15:46:53.002,1,18533,13.426,0
15:46:53.012,2,25949,16.851,0
15:46:53.013,0,3540,15.024,0
15:46:53.045,1,18534,14.958,0
15:46:53.054,0,3541,12.567,0
15:46:53.057,2,25950,15.685,0
15:46:53.096,1,18535,19.456,0
15:46:53.104,2,25951,23.228,0
15:46:53.109,0,3542,23.001,0
15:46:53.177,2,25952,7.206,1
15:46:53.198,0,3543,29.133,1
15:46:53.212,1,18542,16.492,2
15:46:53.221,2,25960,19.227,0
15:46:53.237,0,3548,28.397,0
15:46:53.242,1,18544,6.000,0
15:46:53.249,0,3549,7.880,0
15:46:53.260,2,25962,16.721,0
15:46:53.293,1,18546,14.805,0
15:46:53.303,2,25963,19.139,0
15:46:53.304,0,3551,20.510,0
15:46:53.321,1,18547,12.334,0
15:46:53.333,2,25964,14.131,0
15:46:53.342,0,3552,17.309,0
15:46:53.366,1,18548,15.055,0
15:46:53.381,0,3553,22.842,0
15:46:53.382,2,25965,21.259,0
15:46:53.414,1,18549,17.949,0
15:46:53.419,0,3554,19.012,0
15:46:53.423,2,25966,21.042,0
15:46:53.441,1,18550,13.209,0
15:46:53.448,2,25967,15.027,0
15:46:53.458,0,3555,12.660,0
15:46:53.485,1,18551,14.967,0
15:46:53.494,2,25968,18.707,0
15:46:53.501,0,3556,23.003,0
15:46:53.531,1,18552,16.704,0
15:46:53.541,2,25969,21.927,0
15:46:53.543,0,3557,22.672,0
15:46:53.571,1,18553,15.245,0
15:46:53.584,2,25970,23.217,0
15:46:53.586,0,3558,21.472,0
15:46:53.601,1,18554,12.568,0
15:46:53.609,2,25971,16.099,0
15:46:53.619,0,3559,12.988,0
15:46:53.651,1,18555,20.070,0
15:46:53.658,0,3560,20.159,0
15:46:53.658,2,25972,22.598,0
15:46:53.702,1,18559,25.763,0
15:46:53.709,0,3561,28.426,0
15:46:53.711,2,25973,30.817,0
15:46:53.774,0,3565,4.243,1
15:46:53.784,2,25977,27.211,1
15:46:53.796,1,18567,2.117,2
15:46:53.826,2,25986,24.342,0
15:46:53.827,0,3570,13.293,0
15:46:53.837,1,18569,0.295,0
15:46:53.842,2,25987,0.463,0
15:46:53.859,0,3572,15.335,0
15:46:53.892,2,25989,18.633,0
15:46:53.900,1,18571,23.925,0
15:46:53.909,0,3573,23.729,0
15:46:53.923,1,18572,14.274,0
15:46:53.935,2,25990,18.692,0
15:46:53.940,0,3574,14.313,0
15:46:53.968,1,18573,16.183,0
15:46:53.981,0,3575,23.056,0
15:46:53.986,2,25991,25.465,0
15:46:54.011,1,18574,14.463,0
15:46:54.018,0,3576,17.565,0
15:46:54.022,2,25992,19.357,0
15:46:54.039,1,18575,10.780,0
15:46:54.048,2,25993,14.172,0
15:46:54.056,0,3577,10.767,0
15:46:54.084,1,18576,12.850,0
15:46:54.095,2,25994,18.783,0
15:46:54.096,0,3578,17.422,0
15:46:54.130,1,18577,15.324,0
15:46:54.139,0,3579,19.060,0
15:46:54.141,2,25995,20.334,0
15:46:54.170,2,25996,16.543,0
15:46:54.174,1,18578,17.911,0
15:46:54.182,0,3580,17.272,0
15:46:54.200,1,18579,11.279,0
15:46:54.212,2,25997,16.043,0
15:46:54.221,0,3581,15.416,0
15:46:54.245,1,18580,13.931,0
15:46:54.258,0,3582,20.275,0
15:46:54.261,2,25998,21.068,0
15:46:54.293,1,18581,15.297,0
15:46:54.298,0,3583,16.906,0
15:46:54.301,2,25999,19.880,0
15:46:54.376,2,26000,13.834,1
15:46:54.383,0,3584,16.246,1
15:46:54.431,0,3590,30.989,0
15:46:54.433,2,26009,37.677,0
15:46:54.433,1,18589,37.663,2
15:46:54.446,0,3591,3.779,0
15:46:54.446,1,18590,8.756,0
15:46:54.448,2,26010,11.351,0
15:46:54.471,1,18592,2.017,0
15:46:54.497,2,26012,15.541,0
15:46:54.498,0,3593,12.270,0
15:46:54.526,1,18594,14.929,0
15:46:54.539,2,26013,25.376,0
15:46:54.545,0,3594,26.010,0
15:46:54.577,1,18595,19.758,0
15:46:54.582,2,26014,25.264,0
15:46:54.584,0,3595,23.347,0
15:46:54.600,1,18596,11.295,0
15:46:54.618,2,26015,16.418,0
15:46:54.623,0,3596,17.648,0
15:46:54.644,1,18597,14.139,0
15:46:54.650,2,26016,16.355,0
15:46:54.654,0,3597,15.667,0
15:46:54.693,1,18601,18.373,0
15:46:54.700,2,26017,23.259,0
15:46:54.702,0,3598,21.098,0
15:46:54.740,1,18602,23.556,0
15:46:54.752,2,26021,31.396,0
15:46:54.757,0,3602,30.217,0
15:46:54.769,1,18603,18.857,0
15:46:54.778,0,3603,18.633,0
15:46:54.779,2,26022,17.273,0
15:46:54.816,2,26023,22.189,0
15:46:54.816,1,18604,24.803,0
15:46:54.824,0,3604,22.474,0
15:46:54.858,2,26024,22.285,0
15:46:54.860,1,18605,22.447,0
15:46:54.865,0,3605,18.743,0
15:46:54.886,1,18606,16.457,0
15:46:54.898,0,3606,18.478,0
15:46:54.903,2,26025,21.839,0
15:46:54.967,0,3607,1.069,1
15:46:54.972,2,26026,7.311,1
15:46:55.012,0,3613,5.252,0
15:46:55.024,1,18613,24.747,2
15:46:55.025,2,26034,30.002,0
15:46:55.037,1,18614,7.822,0
15:46:55.039,2,26035,1.638,0
15:46:55.059,0,3615,11.581,0
15:46:55.085,1,18617,12.826,0
15:46:55.097,0,3616,17.820,0
15:46:55.098,2,26037,15.208,0
15:46:55.131,2,26038,16.697,0
15:46:55.138,1,18618,20.574,0
15:46:55.145,0,3617,23.950,0
15:46:55.162,1,18619,12.933,0
15:46:55.176,2,26039,18.743,0
15:46:55.182,0,3618,15.951,0
15:46:55.204,1,18620,12.584,0
15:46:55.217,0,3619,18.127,0
15:46:55.218,2,26040,15.089,0
15:46:55.253,2,26041,18.582,0
15:46:55.255,1,18621,19.547,0
15:46:55.262,0,3620,20.606,0
15:46:55.294,2,26042,17.329,0
15:46:55.299,1,18622,21.771,0
15:46:55.306,0,3621,19.524,0
15:46:55.325,1,18623,15.222,0
15:46:55.335,0,3622,13.427,0
15:46:55.337,2,26043,15.208,0
15:46:55.367,1,18624,14.744,0
15:46:55.378,0,3623,13.633,0
15:46:55.379,2,26044,14.364,0
15:46:55.410,2,26045,15.557,0
15:46:55.417,1,18625,19.777,0
15:46:55.426,0,3624,19.728,0
15:46:55.445,1,18626,15.643,0
15:46:55.457,0,3625,17.417,0
15:46:55.458,2,26046,22.344,0
15:46:55.486,1,18627,14.344,0
15:46:55.500,2,26047,17.604,0
15:46:55.501,0,3626,19.133,0
15:46:55.580,2,26048,14.935,1
15:46:55.586,0,3627,21.406,1
15:46:55.611,1,18635,19.072,2
15:46:55.629,2,26056,32.021,0
15:46:55.631,0,3633,29.340,0
15:46:55.643,2,26057,3.192,0
15:46:55.643,1,18637,7.909,0
15:46:55.647,0,3634,0.874,0
15:46:55.694,1,18642,17.083,0
15:46:55.695,0,3636,14.935,0
15:46:55.702,2,26059,19.799,0
15:46:55.722,1,18643,12.775,0
15:46:55.735,2,26063,20.956,0
15:46:55.737,0,3640,14.798,0
15:46:55.769,1,18644,17.096,0
15:46:55.778,2,26064,20.954,0
15:46:55.788,0,3641,20.695,0
15:46:55.818,0,3642,18.391,0
15:46:55.818,1,18646,20.732,0
15:46:55.821,2,26065,18.299,0
15:46:55.843,1,18647,14.145,0
15:46:55.855,2,26066,20.081,0
15:46:55.858,0,3643,16.634,0
15:46:55.888,1,18648,16.582,0
15:46:55.898,2,26067,21.271,0
15:46:55.904,0,3644,17.040,0
15:46:55.932,1,18649,16.469,0
15:46:55.935,0,3645,15.904,0
15:46:55.940,2,26068,17.511,0
15:46:55.973,2,26069,18.628,0
15:46:55.982,0,3646,21.616,0
15:46:55.984,1,18650,26.621,0
15:46:56.003,1,18651,12.666,0
15:46:56.017,2,26070,20.274,0
15:46:56.021,0,3647,15.600,0
15:46:56.049,1,18652,16.509,0
15:46:56.064,2,26071,21.605,0
15:46:56.064,0,3648,17.741,0
15:46:56.090,2,26072,15.683,0
15:46:56.099,0,3649,19.688,0
15:46:56.101,1,18653,23.461,0
15:46:56.163,2,26073,2.895,1
15:46:56.171,0,3650,5.683,1
15:46:56.216,1,18661,23.384,2
15:46:56.220,0,3656,10.573,0
15:46:56.220,2,26081,17.641,0
15:46:56.240,1,18663,4.201,0
15:46:56.256,2,26083,12.149,0
15:46:56.262,0,3658,13.369,0
15:46:56.291,1,18665,13.192,0
15:46:56.291,2,26084,16.195,0
15:46:56.297,0,3659,16.967,0
15:46:56.325,1,18666,14.710,0
15:46:56.336,2,26085,18.358,0
15:46:56.341,0,3660,18.864,0
15:46:56.368,1,18667,15.532,0
15:46:56.381,2,26086,18.391,0
15:46:56.385,0,3661,17.615,0
15:46:56.413,2,26087,17.745,0
15:46:56.414,1,18668,16.197,0
15:46:56.419,0,3662,18.897,0
15:46:56.446,1,18669,16.440,0
15:46:56.463,2,26088,24.906,0
15:46:56.463,0,3663,20.391,0
15:46:56.488,1,18670,16.208,0
15:46:56.505,2,26089,22.076,0
15:46:56.509,0,3664,21.490,0
15:46:56.533,1,18671,17.248,0
15:46:56.533,2,26090,19.228,0
15:46:56.540,0,3665,20.215,0
15:46:56.582,1,18672,25.136,0
15:46:56.582,2,26091,25.740,0
15:46:56.590,0,3666,28.199,0
15:46:56.602,1,18674,12.632,0
15:46:56.613,2,26092,12.600,0
15:46:56.621,0,3667,14.654,0
15:46:56.650,1,18675,18.830,0
15:46:56.657,0,3668,16.989,0
15:46:56.660,2,26093,17.981,0
15:46:56.693,2,26094,18.643,0
15:46:56.706,1,18679,30.435,0
15:46:56.706,0,3669,25.112,0
15:46:56.777,1,18686,17.726,1
15:46:56.784,2,26098,24.981,1
15:46:56.785,0,3673,16.268,1
15:46:56.794,1,18687,2.390,0
15:46:56.829,0,3679,27.051,0
15:46:56.829,2,26106,25.940,0
15:46:56.842,2,26107,6.424,0
15:46:56.850,1,18689,14.181,0
15:46:56.858,0,3681,13.275,0
15:46:56.895,1,18690,17.470,0
15:46:56.898,2,26109,20.396,0
15:46:56.908,0,3682,20.061,0
15:46:56.925,1,18691,14.618,0
15:46:56.937,0,3683,16.971,0
15:46:56.938,2,26110,15.331,0
15:46:56.971,1,18692,18.583,0
15:46:56.975,2,26111,20.700,0
15:46:56.984,0,3684,21.582,0
15:46:57.014,2,26112,16.930,0
15:46:57.022,1,18693,23.543,0
15:46:57.032,0,3685,24.958,0
15:46:57.045,1,18694,14.555,0
15:46:57.055,0,3686,15.125,0
15:46:57.056,2,26113,15.124,0
15:46:57.085,1,18695,12.738,0
15:46:57.102,0,3687,19.373,0
15:46:57.102,2,26114,18.012,0
15:46:57.131,2,26115,16.200,0
15:46:57.138,1,18696,20.227,0
15:46:57.147,0,3688,19.497,0
15:46:57.164,1,18697,14.065,0
15:46:57.175,2,26116,17.366,0
15:46:57.176,0,3689,15.367,0
15:46:57.208,1,18698,15.477,0
15:46:57.225,0,3690,21.859,0
15:46:57.227,2,26117,22.934,0
15:46:57.257,2,26118,21.840,0
15:46:57.257,1,18699,20.979,0
15:46:57.268,0,3691,20.235,0
15:46:57.301,2,26119,23.989,0
15:46:57.302,1,18700,24.432,0
15:46:57.302,0,3692,22.626,0
15:46:57.376,2,26121,12.293,1
15:46:57.407,0,3693,36.815,1
15:46:57.415,1,18708,18.054,2
15:46:57.421,2,26129,23.302,0
15:46:57.442,2,26130,1.510,0
15:46:57.444,0,3699,36.358,0
15:46:57.451,1,18710,13.775,0
15:46:57.460,0,3700,10.686,0
15:46:57.498,1,18712,19.699,0
15:46:57.499,2,26133,16.136,0
15:46:57.500,0,3702,18.991,0
15:46:57.523,1,18713,13.510,0
15:46:57.529,2,26135,14.035,0
15:46:57.540,0,3703,14.662,0
15:46:57.573,1,18714,16.252,0
15:46:57.574,2,26136,16.213,0
15:46:57.583,0,3704,14.048,0
15:46:57.617,0,3705,16.722,0
15:46:57.617,1,18715,18.667,0
15:46:57.619,2,26137,15.890,0
15:46:57.643,1,18716,11.972,0
15:46:57.649,2,26138,13.935,0
15:46:57.653,0,3706,10.762,0
15:46:57.690,1,18720,14.445,0
15:46:57.690,2,26139,12.626,0
15:46:57.699,0,3707,12.781,0
15:46:57.729,1,18721,11.694,0
15:46:57.736,2,26143,13.444,0
15:46:57.741,0,3711,13.942,0
15:46:57.762,1,18722,12.027,0
15:46:57.770,2,26144,14.054,0
15:46:57.775,0,3712,14.942,0
15:46:57.806,1,18723,12.943,0
15:46:57.813,2,26145,14.661,0
15:46:57.818,0,3713,16.389,0
15:46:57.840,1,18724,11.966,0
15:46:57.857,2,26146,14.123,0
15:46:57.862,0,3714,14.930,0
15:46:57.887,1,18725,16.955,0
15:46:57.901,2,26147,26.414,0
15:46:57.904,0,3715,23.107,0
15:46:57.985,2,26149,23.570,1
15:46:57.990,0,3716,22.108,1
15:46:57.999,1,18733,6.110,2
15:46:58.028,2,26157,24.067,0
15:46:58.038,0,3722,27.620,0
15:46:58.048,1,18736,11.005,0
15:46:58.053,0,3723,7.828,0
15:46:58.059,2,26159,14.004,0
15:46:58.083,1,18737,12.570,0
15:46:58.096,2,26160,20.098,0
15:46:58.107,0,3725,20.841,0
15:46:58.127,1,18738,13.837,0
15:46:58.142,2,26161,24.590,0
15:46:58.149,0,3726,21.212,0
15:46:58.170,1,18739,13.432,0
15:46:58.180,2,26162,17.051,0
15:46:58.184,0,3727,14.126,0
15:46:58.201,1,18740,12.135,0
15:46:58.210,2,26164,14.192,0
15:46:58.215,0,3728,13.465,0
15:46:58.247,1,18741,15.583,0
15:46:58.257,2,26166,18.939,0
15:46:58.260,0,3729,14.779,0
15:46:58.298,1,18743,21.518,0
15:46:58.311,2,26168,27.951,0
15:46:58.319,0,3731,30.285,0
15:46:58.332,2,26169,16.833,0
15:46:58.336,1,18744,17.481,0
15:46:58.337,0,3732,16.896,0
15:46:58.373,1,18745,21.779,0
15:46:58.381,2,26170,23.213,0
15:46:58.385,0,3733,22.597,0
15:46:58.416,1,18746,19.266,0
15:46:58.428,2,26171,24.981,0
15:46:58.430,0,3734,23.264,0
15:46:58.454,2,26172,18.032,0
15:46:58.460,1,18747,21.633,0
15:46:58.461,0,3735,21.127,0
15:46:58.484,1,18748,13.274,0
15:46:58.499,2,26173,21.361,0
15:46:58.500,0,3736,17.702,0
15:46:58.574,2,26174,10.601,1
15:46:58.579,0,3737,9.436,1
15:46:58.611,1,18756,11.748,2
15:46:58.626,2,26182,27.486,0
15:46:58.630,0,3743,25.883,0
15:46:58.643,2,26183,4.205,0
15:46:58.647,1,18758,6.443,0
15:46:58.661,0,3745,15.087,0
15:46:58.682,1,18763,10.389,0
15:46:58.696,2,26185,12.898,0
15:46:58.705,0,3746,17.617,0
15:46:58.733,1,18764,16.859,0
15:46:58.733,2,26189,16.596,0
15:46:58.738,0,3750,18.047,0
15:46:58.778,1,18765,19.555,0
15:46:58.782,2,26190,20.662,0
15:46:58.787,0,3751,24.731,0
15:46:58.802,1,18766,11.116,0
15:46:58.817,2,26191,14.173,0
15:46:58.825,0,3752,17.881,0
15:46:58.847,1,18767,13.876,0
15:46:58.853,2,26192,18.208,0
15:46:58.864,0,3753,23.919,0
15:46:58.900,2,26193,21.918,0
15:46:58.901,1,18768,22.052,0
15:46:58.907,0,3754,25.245,0
15:46:58.923,1,18769,12.020,0
15:46:58.937,2,26194,15.451,0
15:46:58.945,0,3755,17.559,0
15:46:58.971,1,18770,17.710,0
15:46:58.986,0,3756,24.059,0
15:46:58.986,2,26195,22.542,0
15:46:59.012,2,26196,16.073,0
15:46:59.024,1,18771,26.174,0
15:46:59.025,0,3757,21.951,0
15:46:59.053,1,18773,21.407,0
15:46:59.062,2,26197,24.514,0
15:46:59.071,0,3758,22.660,0
15:46:59.097,1,18774,20.707,0
15:46:59.100,0,3759,19.627,0
15:46:59.100,2,26198,18.535,0
15:46:59.166,0,3760,4.764,1
15:46:59.180,2,26199,21.407,1
15:46:59.208,1,18782,14.510,2
15:46:59.217,0,3766,9.010,0
15:46:59.224,2,26207,20.655,0
15:46:59.238,1,18784,0.655,0
15:46:59.256,2,26209,13.119,0
15:46:59.263,0,3768,14.246,0
15:46:59.301,0,3769,20.110,0
15:46:59.304,1,18786,25.598,0
15:46:59.307,2,26210,22.672,0
15:46:59.326,1,18787,14.842,0
15:46:59.331,2,26211,14.793,0
15:46:59.339,0,3770,16.193,0
15:46:59.381,1,18788,23.840,0
15:46:59.381,2,26212,23.296,0
15:46:59.393,0,3771,24.857,0
15:46:59.419,1,18789,21.234,0
15:46:59.425,0,3772,24.224,0
15:46:59.426,2,26213,24.453,0
15:46:59.444,1,18790,13.520,0
15:46:59.459,0,3773,16.022,0
15:46:59.460,2,26214,16.373,0
15:46:59.488,1,18791,15.143,0
15:46:59.494,2,26215,18.645,0
15:46:59.503,0,3774,14.857,0
15:46:59.539,2,26216,21.178,0
15:46:59.540,0,3775,19.758,0
15:46:59.545,1,18792,26.586,0
15:46:59.572,1,18793,18.087,0
15:46:59.583,2,26217,19.988,0
15:46:59.585,0,3776,21.925,0
15:46:59.615,1,18794,18.212,0
15:46:59.629,2,26218,25.279,0
15:46:59.635,0,3777,26.451,0
15:46:59.657,2,26219,20.810,0
15:46:59.663,0,3778,22.124,0
15:46:59.663,1,18795,25.057,0
15:46:59.692,1,18799,21.894,0
15:46:59.699,2,26220,20.581,0
15:46:59.704,0,3779,21.371,0
15:46:59.784,2,26224,23.995,1
15:46:59.792,0,3783,26.839,1
15:46:59.870,2,26232,24.652,1
15:46:59.872,1,18806,38.038,3
15:46:59.886,0,3789,37.665,1
15:46:59.894,2,26233,9.780,0
15:46:59.904,1,18807,29.587,0
15:46:59.916,0,3790,27.603,0
15:46:59.921,2,26234,5.011,0
15:46:59.933,1,18808,14.783,0
15:46:59.943,0,3791,21.537,0
15:46:59.962,1,18809,10.751,0
15:46:59.976,2,26236,16.295,0
15:46:59.976,0,3792,12.490,0
15:47:00.011,0,3793,2.836,0
15:47:00.030,1,18811,34.658,0
15:47:00.032,2,26238,28.867,0
15:47:00.048,0,3794,3.754,0
15:47:00.077,1,18812,4.390,1
15:47:00.082,2,26239,4.517,1
15:47:00.092,0,3795,8.636,0
15:47:00.123,2,26240,1.929,0
15:47:00.125,1,18813,9.165,0
15:47:00.135,0,3796,6.311,0
15:47:00.175,1,18814,15.311,0
15:47:00.183,0,3797,18.646,0
15:47:00.215,2,26242,9.072,1
15:47:00.227,0,3798,22.379,0
15:47:00.230,1,18815,39.509,0
15:47:00.253,2,26243,15.715,0
15:47:00.280,0,3799,31.123,0
15:47:00.282,1,18816,49.983,0
15:47:00.292,2,26244,4.428,0
15:47:00.330,0,3800,40.796,0
15:47:00.336,1,18817,50.835,0
15:47:00.511,2,26246,25.922,4
15:47:00.525,1,18820,6.668,5
15:47:00.534,0,3803,2.408,5
15:47:00.741,1,18828,22.104,4
15:47:00.745,2,26254,14.641,5
15:47:00.761,0,3809,29.743,4
15:47:00.807,2,26255,51.024,0
15:47:00.816,1,18832,21.856,1
15:47:00.818,0,3810,4.999,1
15:47:00.883,2,26259,34.022,1
15:47:00.886,0,3814,31.189,0
15:47:00.887,1,18833,49.370,0
15:47:00.945,0,3815,46.327,0
15:47:00.949,2,26260,57.032,0
15:47:00.964,1,18834,67.413,0
15:47:01.105,1,18836,8.096,1
15:47:01.184,2,26264,12.310,6
15:47:01.200,0,3819,24.371,6
15:47:01.226,1,18838,13.652,5
15:47:01.241,2,26265,35.343,0
15:47:01.260,0,3820,13.202,1
15:47:01.293,1,18839,17.921,1
15:47:01.314,2,26266,21.877,1
15:47:01.321,0,3821,27.740,0
15:47:01.365,1,18840,10.672,1
15:47:01.376,2,26267,14.096,1
15:47:01.385,0,3822,16.519,1
15:47:01.432,1,18841,34.775,0
15:47:01.442,2,26268,34.362,0
15:47:01.453,0,3823,43.774,0
15:47:01.499,1,18842,23.458,1
15:47:01.510,2,26269,24.062,1
15:47:01.517,0,3824,29.522,1
15:47:01.814,2,26273,9.583,7
15:47:01.817,0,3827,9.521,7
15:47:01.819,1,18846,23.425,7
15:47:01.896,1,18850,11.477,1
15:47:02.033,0,3836,21.537,4
15:47:02.039,2,26285,34.395,4
15:47:02.094,0,3837,2.701,1
15:47:02.099,2,26286,10.251,1
15:47:02.113,1,18858,37.644,4
15:47:02.378,1,18862,22.546,6
15:47:02.388,2,26290,18.640,6
15:47:02.397,0,3840,25.300,6
15:47:02.422,1,18863,21.655,0
15:47:02.444,0,3841,1.091,1
15:47:02.449,2,26291,1.763,1
15:47:02.472,1,18864,38.450,0
15:47:02.494,0,3842,5.511,0
15:47:02.502,2,26292,10.599,0
15:47:02.536,1,18865,17.809,1
15:47:02.540,0,3843,8.570,0
15:47:02.557,2,26293,34.088,0
15:47:02.597,1,18866,4.550,1
15:47:02.600,0,3844,33.312,0
15:47:02.614,2,26294,5.470,1
15:47:02.655,1,18867,17.393,0
15:47:02.663,0,3845,6.682,1
15:47:02.680,2,26295,0.513,1
15:47:02.711,1,18868,25.618,0
15:47:02.717,0,3846,30.455,0
15:47:02.857,1,18870,5.335,0
15:47:02.944,1,18872,20.316,4
15:47:02.979,0,3849,10.523,6
15:47:02.985,2,26300,15.287,6
15:47:02.997,1,18876,40.804,0
15:47:03.035,0,3853,30.535,0
15:47:03.037,2,26304,35.098,0
15:47:03.046,1,18877,44.099,0
15:47:03.218,0,3859,11.230,4
15:47:03.233,2,26313,30.957,4
15:47:03.256,1,18885,23.478,5
15:47:03.260,0,3860,13.856,0
15:47:03.281,2,26314,35.902,0
15:47:03.303,1,18886,25.617,0
15:47:03.304,0,3861,14.662,0
15:47:03.326,2,26315,39.556,0
15:47:03.530,2,26319,9.787,5
15:47:03.532,0,3864,9.022,5
15:47:03.556,1,18890,42.870,5
15:47:03.572,2,26320,1.053,0
15:47:03.602,1,18891,3.235,1
15:47:03.606,0,3866,35.249,0
15:47:03.615,2,26321,10.351,0
15:47:03.647,1,18892,8.125,0
15:47:03.651,0,3867,40.879,0
15:47:03.657,2,26322,19.102,0
15:47:03.690,0,3868,3.337,1
15:47:03.692,1,18893,20.064,0
15:47:03.701,2,26323,14.726,0
15:47:03.732,0,3869,1.928,0
15:47:03.734,1,18894,18.905,0
15:47:03.745,2,26324,15.241,0
15:47:03.776,0,3870,7.066,0
15:47:03.777,1,18895,18.160,0
15:47:03.787,2,26325,20.119,0
15:47:03.820,1,18896,16.704,0
15:47:03.823,0,3871,18.501,0
15:47:03.830,2,26326,32.762,0
15:47:03.862,0,3872,17.815,0
15:47:03.866,1,18897,34.252,0
15:47:03.875,2,26327,36.008,0
15:47:03.905,0,3873,12.471,0
15:47:03.910,1,18898,35.699,0
15:47:03.919,2,26328,36.057,0
15:47:04.048,1,18903,7.079,1
15:47:04.075,0,3879,20.367,3
15:47:04.097,2,26337,9.982,4
15:47:04.188,1,18911,33.528,4
15:47:04.221,1,18912,22.466,0
15:47:04.255,1,18913,15.340,0
15:47:04.291,1,18914,18.645,0
15:47:04.325,1,18915,9.948,0
15:47:04.387,1,18917,28.392,0
15:47:04.419,1,18918,19.367,0
15:47:04.450,1,18919,17.277,0
15:47:04.492,1,18920,14.849,0
15:47:04.494,2,26342,14.726,9
15:47:04.500,0,3884,14.224,10
15:47:04.641,2,26344,29.581,2
15:47:04.648,0,3886,1.121,3
15:47:04.653,1,18922,20.205,3
15:47:04.674,2,26345,30.484,0
15:47:04.686,1,18923,8.485,0
15:47:04.710,2,26346,25.818,0
15:47:04.715,0,3888,23.736,0
15:47:04.724,1,18924,3.377,0
15:47:04.743,2,26347,16.739,0
15:47:04.749,0,3889,24.028,0
15:47:04.765,1,18925,11.875,0
15:47:04.776,2,26348,6.628,0
15:47:04.784,0,3890,16.673,0
15:47:04.823,0,3891,13.163,0
15:47:04.826,2,26349,28.518,0
15:47:04.869,0,3892,24.931,0
15:47:04.872,2,26350,29.768,0
15:47:04.887,1,18933,7.673,2
15:47:04.907,2,26351,18.742,0
15:47:04.908,0,3893,20.018,0
15:47:04.921,1,18934,7.809,0
15:47:04.955,0,3894,24.999,0
15:47:04.957,2,26352,29.738,0
15:47:04.961,1,18938,2.044,0
15:47:04.996,0,3895,32.730,0
15:47:05.000,2,26353,37.766,0
15:47:05.032,0,3896,25.575,0
15:47:05.038,1,18940,35.289,0
15:47:05.044,2,26354,38.910,0
15:47:05.069,0,3897,19.228,0
15:47:05.079,1,18941,4.709,1
15:47:05.083,2,26355,38.475,0
15:47:05.235,0,3903,1.603,3
15:47:05.247,2,26364,1.609,4
15:47:05.304,1,18944,28.888,4
15:47:05.344,1,18945,22.327,0
15:47:05.381,1,18946,28.564,0
15:47:05.416,1,18947,20.968,0
15:47:05.450,1,18948,9.417,0
15:47:05.507,1,18950,26.889,0
15:47:05.585,1,18958,29.728,1
15:47:05.612,1,18959,12.940,0
15:47:05.644,1,18960,2.513,0
15:47:05.648,2,26369,5.692,9
15:47:05.679,1,18961,6.293,0
15:47:05.691,0,3907,1.589,11
15:47:05.722,2,26371,32.724,0
15:47:05.844,2,26373,43.491,2
15:47:05.845,0,3909,40.121,2
15:47:05.847,1,18965,10.997,3
15:47:05.879,1,18966,1.275,0
15:47:05.882,2,26374,33.745,0
15:47:05.882,0,3910,33.259,0
15:47:05.914,0,3911,21.911,0
15:47:05.918,2,26375,31.276,0
15:47:05.952,2,26376,28.443,0
15:47:05.955,1,18971,1.285,1
15:47:05.955,0,3912,28.060,0
15:47:05.987,0,3913,20.938,0
15:47:05.991,2,26377,30.065,0
15:47:06.025,1,18973,29.421,0
15:47:06.026,0,3914,12.655,0
15:47:06.028,2,26378,24.297,0
15:47:06.058,1,18974,27.417,0
15:47:06.059,0,3915,15.604,0
15:47:06.065,2,26379,18.900,0
15:47:06.088,0,3916,1.859,0
15:47:06.090,1,18975,17.720,0
15:47:06.103,2,26380,24.334,0
15:47:06.126,1,18976,11.294,0
15:47:06.143,2,26381,20.887,0
15:47:06.185,0,3918,17.448,1
15:47:06.198,2,26382,28.905,0
15:47:06.224,0,3919,16.045,0
15:47:06.232,1,18984,36.212,1
15:47:06.237,2,26383,27.873,0
15:47:06.260,0,3920,9.143,0
15:47:06.267,1,18985,32.132,0
15:47:06.328,1,18986,42.217,0
15:47:06.392,2,26391,106.427,1
15:47:06.411,0,3926,126.565,0
15:47:06.435,1,18988,8.277,1
15:47:06.450,0,3927,7.508,2
15:47:06.473,2,26393,21.265,3
15:47:06.505,1,18989,22.140,2
15:47:06.543,1,18990,28.517,0
15:47:06.575,1,18991,19.248,0
15:47:06.630,1,18993,25.802,0
15:47:06.656,1,18994,12.440,0
15:47:06.681,1,18995,7.934,0
15:47:06.740,1,18997,24.786,0
15:47:06.787,1,18998,26.264,0
15:47:06.876,1,19006,1.242,2
15:47:06.882,0,3931,37.647,10
15:47:06.915,2,26397,33.589,10
15:47:06.919,0,3932,34.117,0
15:47:07.010,2,26398,8.337,2
15:47:07.033,1,19012,38.080,2
15:47:07.048,0,3933,36.764,2
15:47:07.070,1,19013,31.570,0
15:47:07.074,0,3934,21.965,0
15:47:07.078,2,26400,32.905,0
15:47:07.097,0,3935,13.820,0
15:47:07.107,1,19014,26.038,0
15:47:07.113,2,26401,26.735,0
15:47:07.130,0,3936,4.288,0
15:47:07.136,1,19015,22.412,0
15:47:07.147,2,26402,27.395,0
15:47:07.172,1,19016,16.194,0
15:47:07.182,2,26403,19.877,0
15:47:07.185,0,3938,14.719,0
15:47:07.203,1,19017,3.102,0
15:47:07.218,2,26404,8.079,0
15:47:07.220,0,3939,16.637,0
15:47:07.256,0,3940,8.103,0
15:47:07.258,2,26405,12.481,0
15:47:07.281,1,19019,6.518,1
15:47:07.290,0,3941,0.195,0
15:47:07.295,2,26406,12.462,0
15:47:07.330,2,26407,3.954,0
15:47:07.341,1,19021,24.301,0
15:47:07.370,0,3943,4.138,1
15:47:07.375,1,19022,6.259,0
15:47:07.377,2,26408,6.873,0
15:47:07.426,1,19023,30.227,0
15:47:07.519,0,3949,27.584,2
15:47:07.569,2,26416,82.817,2
15:47:07.591,1,19031,107.640,1
15:47:07.652,2,26418,10.262,1
15:47:07.671,1,19033,2.397,1
15:47:07.717,0,3952,26.437,4
15:47:07.723,2,26419,31.093,2
15:47:07.744,1,19034,19.969,3
15:47:07.764,0,3953,35.550,0
15:47:07.767,2,26420,2.317,1
15:47:07.793,1,19035,26.756,0
15:47:07.807,0,3954,35.176,0
15:47:07.836,1,19036,2.042,1
15:47:07.852,0,3955,0.194,1
15:47:07.853,2,26422,1.337,1
15:47:07.893,2,26423,11.002,0
15:47:07.895,0,3956,2.908,0
15:47:07.912,1,19038,32.734,0
15:47:07.937,2,26424,5.521,0
15:47:07.939,0,3960,9.463,0
15:47:07.950,1,19042,19.526,0
15:47:07.980,0,3961,8.519,0
15:47:07.984,2,26428,13.643,0
15:47:07.989,1,19043,27.670,0
15:47:08.030,2,26429,20.572,0
15:47:08.030,0,3962,16.905,0
15:47:08.031,1,19044,37.605,0
15:47:08.076,0,3963,29.654,0
15:47:08.076,1,19045,39.534,0
15:47:08.077,2,26430,37.174,0
15:47:08.115,1,19046,32.676,0
15:47:08.118,2,26431,32.132,0
15:47:08.123,0,3964,34.689,0
15:47:08.368,1,19048,4.756,6
15:47:08.436,2,26441,28.874,7
15:47:08.469,0,3972,22.576,8
15:47:08.488,2,26442,2.508,1
15:47:08.516,0,3973,26.878,0
15:47:08.518,1,19056,37.929,2
15:47:08.531,2,26443,6.110,0
15:47:08.555,0,3974,23.350,0
15:47:08.558,1,19057,34.762,0
15:47:08.570,2,26444,0.677,0
15:47:08.599,1,19058,3.092,1
15:47:08.609,0,3975,39.920,0
15:47:08.616,2,26445,4.084,0
15:47:08.656,2,26446,13.571,0
15:47:08.658,0,3976,4.980,1
15:47:08.689,1,19060,5.051,1
15:47:08.700,0,3977,10.319,0
15:47:08.703,2,26447,13.497,0
15:47:08.907,1,19063,31.412,4
15:47:08.910,2,26450,26.637,4
15:47:08.919,0,3980,30.079,4
15:47:08.953,1,19064,33.274,0
15:47:08.955,2,26451,27.900,0
15:47:08.965,0,3984,33.639,0
15:47:08.998,1,19068,30.901,0
15:47:09.001,2,26455,35.401,0
15:47:09.002,0,3985,32.676,0
15:47:09.041,2,26456,37.315,0
15:47:09.042,0,3986,31.862,0
15:47:09.047,1,19069,10.478,1
15:47:09.081,0,3987,29.081,0
15:47:09.088,2,26457,6.478,1
15:47:09.092,1,19070,15.666,0
15:47:09.113,0,3988,29.395,0
15:47:09.133,2,26458,9.969,0
15:47:09.138,1,19071,15.492,0
15:47:09.152,0,3989,19.827,0
15:47:09.185,1,19072,18.325,0
15:47:09.264,1,19073,27.700,1
15:47:09.307,2,26467,21.313,3
15:47:09.310,0,3995,17.459,3
15:47:09.404,1,19081,119.365,0
15:47:09.476,1,19083,6.915,2
15:47:09.530,0,3998,31.504,4
15:47:09.536,2,26470,1.277,5
15:47:09.566,0,3999,30.104,0
15:47:09.580,2,26471,19.068,0
15:47:09.602,0,4000,30.128,0
15:47:09.617,2,26472,5.875,0
15:47:09.635,0,4001,22.185,0
15:47:09.660,2,26473,9.469,0
15:47:09.666,0,4002,19.088,0
15:47:09.694,2,26474,4.151,0
15:47:09.699,0,4003,7.858,0
15:47:09.730,2,26475,8.840,0
15:47:09.733,0,4004,10.186,0
15:47:09.794,0,4006,25.562,0
15:47:09.801,2,26477,32.540,0
15:47:09.823,0,4007,10.784,0
15:47:09.833,2,26478,25.468,0
15:47:09.854,0,4008,1.970,0
15:47:09.865,2,26479,13.565,0
15:47:09.895,2,26480,10.139,0
15:47:09.963,1,19088,71.764,11
15:47:09.996,0,4018,102.649,0
15:47:10.067,0,4019,14.851,3
15:47:10.075,1,19089,32.945,3
15:47:10.111,0,4020,19.676,0
15:47:10.121,1,19090,3.685,1
15:47:10.159,0,4021,24.876,0
15:47:10.164,2,26493,30.598,5
15:47:10.165,1,19091,4.876,0
15:47:10.190,0,4022,18.116,0
15:47:10.204,2,26494,36.218,0
15:47:10.207,1,19092,2.026,0
15:47:10.232,0,4023,24.675,0
15:47:10.239,2,26495,32.362,0
15:47:10.247,1,19093,1.366,0
15:47:10.270,0,4024,20.583,0
15:47:10.282,2,26496,36.932,0
15:47:10.288,1,19094,13.809,0
15:47:10.311,0,4025,19.659,0
15:47:10.318,2,26497,31.942,0
15:47:10.330,1,19095,11.143,0
15:47:10.353,0,4026,29.356,0
15:47:10.361,2,26498,33.828,0
15:47:10.403,0,4027,33.608,0
15:47:10.406,2,26499,1.262,1
15:47:10.410,1,19097,11.021,1
15:47:10.450,2,26500,3.189,0
15:47:10.452,0,4028,6.467,1
15:47:10.454,1,19098,14.611,0
15:47:10.492,2,26501,1.327,0
15:47:10.500,1,19099,15.139,0
15:47:10.523,0,4030,29.269,0
15:47:10.628,1,19107,6.595,1
15:47:10.687,0,4032,3.133,4
15:47:10.701,1,19108,18.869,2
15:47:10.701,2,26504,6.827,4
15:47:10.747,2,26505,13.609,0
15:47:10.755,1,19109,37.576,0
15:47:10.793,2,26506,26.349,0
15:47:10.809,1,19110,12.578,1
15:47:10.811,0,4038,5.754,2
15:47:10.829,2,26507,20.382,0
15:47:10.848,1,19111,9.007,0
15:47:10.850,0,4039,2.244,0
15:47:10.895,1,19112,10.698,0
15:47:10.898,0,4040,7.067,0
15:47:10.954,1,19113,37.611,0
15:47:10.956,0,4044,23.863,0
15:47:10.969,2,26515,41.750,2
15:47:10.996,0,4045,31.442,0
15:47:10.997,1,19117,40.052,0
15:47:11.007,2,26519,7.020,1
15:47:11.036,0,4046,25.727,0
15:47:11.040,1,19118,3.691,1
15:47:11.046,2,26520,3.723,0
15:47:11.067,0,4047,15.536,0
15:47:11.093,2,26521,4.027,0
15:47:11.115,1,19120,37.823,0
15:47:11.117,0,4048,27.165,0
15:47:11.274,1,19122,22.003,3
15:47:11.277,2,26524,23.649,3
15:47:11.296,0,4051,0.816,4
15:47:11.318,2,26525,21.476,0
15:47:11.318,1,19123,25.604,0
15:47:11.354,2,26526,25.693,0
15:47:11.366,1,19124,42.518,0
15:47:11.368,0,4053,35.498,0
15:47:11.387,2,26527,26.506,0
15:47:11.402,0,4054,32.871,0
15:47:11.458,2,26528,10.533,1
15:47:11.462,0,4055,10.605,1
15:47:11.485,1,19132,5.873,3
15:47:11.507,2,26529,14.195,0
15:47:11.546,1,19133,12.762,0
15:47:11.563,2,26530,30.238,0
15:47:11.587,1,19134,28.940,0
15:47:11.594,0,4061,25.539,2
15:47:11.608,2,26531,44.891,0
15:47:11.627,1,19135,28.528,0
15:47:11.629,0,4062,19.091,0
15:47:11.648,2,26532,38.900,0
15:47:11.669,0,4063,14.653,0
15:47:11.670,1,19136,26.405,0
15:47:11.721,1,19137,45.728,0
15:47:11.727,0,4064,41.663,0
15:47:11.787,2,26540,104.704,1
15:47:11.870,2,26542,14.451,1
15:47:11.922,1,19140,39.342,4
15:47:11.932,2,26543,2.352,3
15:47:11.940,0,4067,6.511,5
15:47:11.963,1,19141,4.375,1
15:47:11.975,0,4071,4.002,0
15:47:12.009,2,26548,5.463,1
15:47:12.010,1,19145,8.742,0
15:47:12.011,0,4072,4.091,0
15:47:12.047,2,26549,1.999,0
15:47:12.048,1,19146,4.606,0
15:47:12.095,1,19147,18.767,0
15:47:12.096,0,4074,1.773,1
15:47:12.117,2,26551,29.369,0
15:47:12.141,0,4075,15.103,0
15:47:12.146,1,19148,26.799,0
15:47:12.155,2,26552,24.729,0
15:47:12.181,1,19149,11.997,0
15:47:12.184,0,4076,12.526,0
15:47:12.195,2,26553,32.839,0
15:47:12.236,0,4077,22.181,0
15:47:12.241,2,26554,37.680,0
15:47:12.289,0,4078,39.690,0
15:47:12.291,2,26555,39.253,0
15:47:12.305,1,19157,21.997,2
15:47:12.332,2,26556,39.948,0
15:47:12.413,0,4084,121.326,0
15:47:12.470,0,4086,1.998,1
15:47:12.551,0,4087,22.153,3
15:47:12.558,1,19160,2.573,6
15:47:12.583,2,26565,10.403,6
15:47:12.592,0,4088,20.013,0
15:47:12.624,2,26566,15.407,0
15:47:12.633,1,19162,35.151,0
15:47:12.633,0,4089,19.701,0
15:47:12.666,2,26567,25.341,0
15:47:12.671,0,4090,18.102,0
15:47:12.672,1,19163,30.665,0
15:47:12.710,0,4091,19.768,0
15:47:12.711,2,26568,21.695,0
15:47:12.712,1,19164,26.568,0
15:47:12.746,0,4092,14.020,0
15:47:12.752,2,26569,20.922,0
15:47:12.753,1,19165,35.094,0
15:47:12.785,0,4093,12.683,0
15:47:12.790,1,19166,32.794,0
15:47:12.792,2,26570,19.219,0
15:47:12.817,0,4094,10.731,0
15:47:12.825,1,19167,20.456,0
15:47:12.835,2,26571,34.273,0
15:47:12.852,0,4095,4.592,0
15:47:12.864,1,19168,28.284,0
15:47:12.875,2,26572,29.862,0
15:47:12.904,1,19169,26.137,0
15:47:12.916,2,26573,29.795,0
15:47:12.925,0,4097,32.368,0
15:47:13.079,2,26579,26.884,3
15:47:13.102,1,19174,24.255,4
15:47:13.127,2,26580,3.865,1
15:47:13.180,0,4107,11.155,6
15:47:13.184,2,26581,15.938,0
15:47:13.227,0,4108,14.788,0
15:47:13.235,2,26582,24.956,0
15:47:13.239,1,19182,38.398,2
15:47:13.258,0,4109,4.471,0
15:47:13.283,1,19183,43.318,0
15:47:13.342,1,19184,12.096,1
15:47:13.346,0,4111,16.533,1
15:47:13.368,2,26590,37.468,2
15:47:13.386,0,4112,17.351,0
15:47:13.387,1,19185,29.840,0
15:47:13.407,2,26591,37.280,0
15:47:13.421,0,4113,6.910,0
15:47:13.423,1,19186,23.111,0
15:47:13.447,2,26592,5.606,1
15:47:13.457,0,4114,0.464,0
15:47:13.462,1,19187,5.489,0
15:47:13.497,1,19188,10.988,0
15:47:13.500,0,4115,9.648,0
15:47:13.524,2,26594,32.772,0
15:47:13.695,1,19191,15.986,4
15:47:13.700,0,4118,8.462,4
15:47:13.705,2,26596,18.318,4
15:47:13.731,1,19192,8.268,0
15:47:13.741,0,4119,4.132,0
15:47:13.743,2,26597,11.624,0
15:47:13.764,1,19193,4.005,0
15:47:13.779,0,4120,12.402,0
15:47:13.784,2,26598,14.622,0
15:47:13.819,0,4121,9.496,0
15:47:13.827,2,26599,25.518,0
15:47:13.830,1,19195,29.692,0
15:47:13.864,1,19196,18.134,0
15:47:13.871,2,26600,24.770,0
15:47:13.936,2,26601,4.980,1
15:47:13.937,0,4127,7.918,2
15:47:13.986,0,4131,13.408,0
15:47:13.987,2,26605,23.611,0
15:47:13.991,1,19204,33.154,2
15:47:14.013,0,4132,7.183,0
15:47:14.026,1,19208,18.007,0
15:47:14.027,2,26606,20.187,0
15:47:14.060,1,19209,16.072,0
15:47:14.066,2,26607,16.567,0
15:47:14.091,0,4134,36.952,0
15:47:14.094,1,19210,17.136,0
15:47:14.161,0,4135,66.564,0
15:47:14.184,2,26615,94.698,0
15:47:14.314,2,26618,20.343,4
15:47:14.323,0,4137,27.880,4
15:47:14.327,1,19213,39.299,4
15:47:14.358,2,26619,28.986,0
15:47:14.361,0,4138,30.168,0
15:47:14.366,1,19214,7.631,1
15:47:14.399,2,26620,29.409,0
15:47:14.400,0,4139,30.217,0
15:47:14.407,1,19215,8.978,0
15:47:14.433,0,4140,21.021,0
15:47:14.443,2,26621,34.014,0
15:47:14.447,1,19216,2.825,0
15:47:14.469,0,4141,16.280,0
15:47:14.476,2,26622,25.845,0
15:47:14.489,1,19217,3.503,0
15:47:14.507,0,4142,20.191,0
15:47:14.515,2,26623,33.278,0
15:47:14.528,1,19218,12.285,0
15:47:14.545,0,4143,17.673,0
15:47:14.551,2,26624,27.448,0
15:47:14.569,1,19219,11.531,0
15:47:14.587,0,4144,14.369,0
15:47:14.589,2,26625,21.208,0
15:47:14.611,1,19220,6.195,0
15:47:14.626,2,26626,17.215,0
15:47:14.658,1,19221,16.509,0
15:47:14.670,2,26627,26.157,0
15:47:14.717,2,26628,32.718,0
15:47:14.719,0,4150,30.155,2
15:47:14.797,1,19229,117.321,0
15:47:14.899,2,26637,8.422,1
15:47:14.901,1,19231,11.808,3
15:47:14.958,2,26638,27.192,3
15:47:14.971,0,4153,43.473,5
15:47:14.991,2,26642,28.474,0
15:47:15.004,0,4157,31.954,0
15:47:15.026,2,26643,20.019,0
15:47:15.034,0,4158,18.786,0
15:47:15.058,2,26644,10.046,0
15:47:15.069,0,4159,23.957,0
15:47:15.093,2,26645,1.899,0
15:47:15.100,0,4160,10.785,0
15:47:15.126,2,26646,1.811,0
15:47:15.153,0,4162,22.015,0
15:47:15.181,0,4163,8.119,0
15:47:15.189,2,26648,24.320,0
15:47:15.220,2,26649,11.602,0
15:47:15.235,0,4165,28.657,0
15:47:15.277,0,4166,29.301,0
15:47:15.279,2,26651,29.470,0
15:47:15.309,1,19235,31.157,10
15:47:15.315,2,26652,32.284,0
15:47:15.325,0,4167,33.200,0
15:47:15.477,2,26653,34.947,3
15:47:15.482,1,19236,44.311,3
15:47:15.508,2,26654,19.823,0
15:47:15.527,1,19237,40.532,0
15:47:15.584,1,19238,24.374,1
15:47:15.606,0,4173,32.145,6
15:47:15.624,1,19239,22.442,0
15:47:15.637,2,26662,33.196,2
15:47:15.642,0,4174,29.004,0
15:47:15.659,1,19240,12.929,0
15:47:15.671,2,26663,23.456,0
15:47:15.679,0,4175,31.025,0
15:47:15.699,1,19241,14.184,0
15:47:15.706,2,26664,14.809,0
15:47:15.714,0,4176,24.263,0
15:47:15.744,2,26665,15.277,0
15:47:15.749,1,19242,32.200,0
15:47:15.750,0,4177,19.070,0
15:47:15.774,2,26666,9.146,0
15:47:15.790,0,4178,15.575,0
15:47:15.791,1,19243,29.234,0
15:47:15.827,0,4179,15.045,0
15:47:15.831,1,19244,20.069,0
15:47:15.840,2,26668,29.873,0
15:47:15.867,0,4180,14.978,0
15:47:15.872,1,19245,36.054,0
15:47:15.879,2,26669,27.819,0
15:47:15.907,0,4181,12.169,0
15:47:15.908,1,19246,28.639,0
15:47:15.916,2,26670,24.100,0
15:47:16.102,2,26675,9.732,4
15:47:16.130,2,26676,4.794,0
15:47:16.165,0,4187,37.510,5
15:47:16.169,2,26677,1.618,0
15:47:16.178,1,19256,13.693,6
15:47:16.208,0,4188,36.408,0
15:47:16.218,1,19257,12.084,0
15:47:16.234,2,26679,23.815,0
15:47:16.246,0,4189,32.048,0
15:47:16.260,1,19258,13.555,0
15:47:16.298,0,4190,8.228,1
15:47:16.322,1,19259,41.513,0
15:47:16.388,2,26687,17.048,3
15:47:16.390,1,19260,25.050,1
15:47:16.434,2,26688,22.919,0
15:47:16.441,1,19264,2.312,1
15:47:16.441,0,4196,29.972,2
15:47:16.471,2,26689,25.683,0
15:47:16.479,0,4197,31.051,0
15:47:16.508,2,26690,19.108,0
15:47:16.518,1,19266,36.388,0
15:47:16.519,0,4198,26.155,0
15:47:16.710,2,26693,26.297,4
15:47:16.713,1,19269,28.364,4
15:47:16.725,0,4201,39.175,4
15:47:16.747,2,26694,20.918,0
15:47:16.748,1,19270,30.799,0
15:47:16.756,0,4202,25.627,0
15:47:16.778,1,19271,19.102,0
15:47:16.788,2,26695,19.590,0
15:47:16.793,0,4203,16.964,0
15:47:16.828,2,26696,13.664,0
15:47:16.834,0,4204,17.808,0
15:47:16.880,0,4205,32.877,0
15:47:16.884,2,26697,0.719,1
15:47:16.898,1,19279,20.412,2
15:47:16.917,0,4206,29.370,0
15:47:16.929,1,19280,9.521,0
15:47:16.949,0,4207,17.160,0
15:47:16.964,2,26702,36.538,0
15:47:16.982,0,4211,3.040,0
15:47:17.002,2,26703,0.947,1
15:47:17.005,1,19282,38.650,0
15:47:17.041,1,19283,3.535,1
15:47:17.049,0,4213,35.864,0
15:47:17.137,1,19285,55.719,0
15:47:17.208,2,26712,119.424,1
15:47:17.209,0,4219,114.944,1
15:47:17.278,0,4221,11.280,0
15:47:17.281,2,26714,0.365,0
15:47:17.341,0,4222,6.917,4
15:47:17.343,1,19287,13.651,5
15:47:17.349,2,26715,19.113,4
15:47:17.379,1,19288,20.326,0
15:47:17.381,0,4223,6.900,0
15:47:17.387,2,26716,18.810,0
15:47:17.423,2,26717,12.272,0
15:47:17.424,1,19292,17.285,0
15:47:17.445,0,4225,29.164,0
15:47:17.461,2,26718,19.561,0
15:47:17.465,1,19293,27.186,0
15:47:17.483,0,4226,34.908,0
15:47:17.493,2,26719,8.942,0
15:47:17.504,1,19294,24.781,0
15:47:17.514,0,4227,23.161,0
15:47:17.535,2,26720,4.742,0
15:47:17.545,0,4228,12.914,0
15:47:17.547,1,19295,21.666,0
15:47:17.584,1,19296,19.958,0
15:47:17.585,0,4229,6.306,0
15:47:17.615,2,26722,12.866,1
15:47:17.621,0,4230,13.910,0
15:47:17.673,2,26723,28.074,0
15:47:17.676,0,4231,23.862,0
15:47:17.693,1,19304,9.698,2
15:47:17.711,0,4232,18.642,0
15:47:17.713,2,26724,24.357,0
15:47:17.868,1,19307,21.057,3
15:47:17.945,1,19308,17.683,1
15:47:17.977,2,26734,11.009,6
15:47:17.987,1,19309,19.523,0
15:47:17.993,0,4239,18.292,6
15:47:18.020,2,26738,8.740,0
15:47:18.021,1,19310,23.850,0
15:47:18.025,0,4243,11.409,0
15:47:18.056,1,19311,17.628,0
15:47:18.061,0,4244,13.310,0
15:47:18.062,2,26739,8.031,0
15:47:18.090,1,19312,3.122,0
15:47:18.098,0,4245,7.020,0
15:47:18.100,2,26740,11.756,0
15:47:18.127,1,19313,6.716,0
15:47:18.135,0,4246,2.117,0
15:47:18.137,2,26741,9.351,0
15:47:18.175,2,26742,5.486,0
15:47:18.197,1,19315,32.886,0
15:47:18.205,0,4248,29.772,0
15:47:18.236,0,4249,23.519,0
15:47:18.237,1,19316,28.618,0
15:47:18.247,2,26744,1.325,1
15:47:18.271,0,4250,20.677,0
15:47:18.277,1,19317,27.461,0
15:47:18.312,0,4251,19.992,0
15:47:18.319,1,19318,40.668,0
15:47:18.320,2,26746,33.480,0
15:47:18.515,2,26748,32.265,4
15:47:18.517,1,19330,36.946,4
15:47:18.518,0,4253,21.003,4
15:47:18.548,0,4254,15.270,0
15:47:18.548,1,19331,17.844,0
15:47:18.553,2,26749,21.121,0
15:47:18.576,0,4255,4.831,0
15:47:18.581,1,19332,23.291,0
15:47:18.584,2,26750,12.037,0
15:47:18.612,1,19333,10.510,0
15:47:18.660,1,19334,15.947,0
15:47:18.721,1,19335,4.013,1
15:47:18.743,0,4262,10.988,3
15:47:18.754,2,26759,16.905,3
15:47:18.779,0,4263,0.543,0
15:47:18.785,2,26760,7.869,0
15:47:18.797,1,19337,36.645,0
15:47:18.815,0,4264,0.516,0
15:47:18.823,2,26761,18.030,0
15:47:18.836,1,19338,29.553,0
15:47:18.859,2,26762,0.352,0
15:47:18.874,1,19339,17.356,0
15:47:18.895,0,4266,5.079,1
15:47:18.897,2,26763,6.201,0
15:47:18.913,1,19340,35.869,0
15:47:19.061,2,26769,14.682,3
15:47:19.080,0,4272,30.743,3
15:47:19.082,1,19342,38.421,3
15:47:19.099,2,26770,7.646,0
15:47:19.110,0,4273,15.419,0
15:47:19.119,1,19343,33.818,0
15:47:19.137,2,26771,13.828,0
15:47:19.144,0,4274,7.968,0
15:47:19.199,2,26772,31.758,0
15:47:19.206,0,4275,37.366,0
15:47:19.228,1,19351,27.798,2
15:47:19.243,2,26773,26.790,0
15:47:19.247,0,4276,29.246,0
15:47:19.271,1,19352,26.426,0
15:47:19.285,0,4277,32.055,0
15:47:19.287,2,26774,4.806,1
15:47:19.320,1,19353,34.654,0
15:47:19.326,0,4278,30.920,0
15:47:19.332,2,26775,6.506,0
15:47:19.362,0,4279,35.682,0
15:47:19.368,1,19354,8.692,1
15:47:19.421,1,19358,16.445,0
15:47:19.502,1,19359,24.537,1
15:47:19.517,0,4285,25.351,3
15:47:19.522,2,26784,29.900,3
15:47:19.667,1,19362,14.931,3
15:47:19.699,0,4288,4.003,4
15:47:19.701,2,26787,5.093,4
15:47:19.707,1,19363,8.081,0
15:47:19.739,2,26788,6.785,0
15:47:19.750,1,19364,28.839,0
15:47:19.764,0,4290,27.590,0
15:47:19.781,2,26789,10.204,0
15:47:19.795,1,19365,33.291,0
15:47:19.800,0,4291,32.265,0
15:47:19.823,2,26790,20.176,0
15:47:19.834,1,19366,29.021,0
15:47:19.841,0,4292,28.690,0
15:47:19.864,2,26791,18.624,0
15:47:19.877,1,19367,38.630,0
15:47:19.881,0,4293,22.428,0
15:47:19.902,2,26792,8.625,0
15:47:19.919,0,4294,26.579,0
15:47:19.919,1,19368,39.280,0
15:47:19.943,2,26793,11.871,0
15:47:19.953,0,4295,17.382,0
15:47:20.002,2,26794,39.224,0
15:47:20.019,0,4299,3.983,1
15:47:20.046,1,19375,3.800,3
15:47:20.056,2,26798,0.120,1
15:47:20.058,0,4300,1.906,0
15:47:20.098,2,26799,5.187,0
15:47:20.099,0,4301,3.492,0
15:47:20.130,1,19377,38.886,0
15:47:20.252,0,4308,0.746,1
15:47:20.298,1,19379,44.081,3
15:47:20.336,0,4309,43.609,2
15:47:20.348,1,19380,27.485,1
15:47:20.375,0,4310,1.121,1
15:47:20.390,2,26809,18.451,6
15:47:20.393,1,19381,22.853,0
15:47:20.426,2,26810,14.471,0
15:47:20.436,1,19385,29.975,0
15:47:20.445,0,4312,26.732,0
15:47:20.466,2,26811,16.590,0
15:47:20.476,1,19386,31.458,0
15:47:20.480,0,4313,29.014,0
15:47:20.518,2,26812,30.215,0
15:47:20.518,1,19387,35.248,0
15:47:20.521,0,4314,29.665,0
15:47:20.561,2,26813,30.479,0
15:47:20.562,0,4315,27.981,0
15:47:20.562,1,19388,4.212,1
15:47:20.603,2,26814,30.625,0
15:47:20.604,0,4316,26.907,0
15:47:20.606,1,19389,4.947,0
15:47:20.639,2,26815,28.619,0
15:47:20.647,0,4317,35.180,0
15:47:20.651,1,19390,5.082,0
15:47:20.680,2,26816,32.896,0
15:47:20.683,0,4318,32.128,0
15:47:20.696,1,19391,10.365,0
15:47:20.721,0,4319,25.505,0
15:47:20.724,2,26817,33.823,0
15:47:20.858,1,19400,14.561,1
15:47:20.922,0,4321,31.290,4
15:47:20.927,1,19401,40.209,2
15:47:20.930,2,26820,1.476,5
15:47:20.974,1,19402,14.691,1
15:47:20.977,0,4322,3.798,1
15:47:20.981,2,26821,11.725,0
15:47:21.014,1,19403,9.920,0
15:47:21.029,2,26825,11.651,0
15:47:21.079,1,19404,27.140,0
15:47:21.102,2,26826,17.553,1
15:47:21.104,0,4331,16.180,2
15:47:21.122,1,19405,41.309,0
15:47:21.139,0,4332,7.114,0
15:47:21.183,1,19406,14.564,1
15:47:21.203,0,4333,21.741,0
15:47:21.235,2,26834,22.963,2
15:47:21.236,1,19407,35.165,0
15:47:21.250,0,4334,42.141,0
15:47:21.281,2,26835,33.586,0
15:47:21.298,0,4335,46.876,0
15:47:21.299,1,19408,6.332,1
15:47:21.341,2,26836,51.103,0
15:47:21.349,0,4336,49.604,0
15:47:21.456,0,4338,0.214,1
15:47:21.457,2,26838,24.464,2
15:47:21.512,1,19415,21.238,4
15:47:21.526,0,4339,30.527,2
15:47:21.548,1,19416,26.859,0
15:47:21.568,0,4340,39.987,0
15:47:21.587,1,19417,24.188,0
15:47:21.610,0,4341,33.765,0
15:47:21.624,1,19418,16.746,0
15:47:21.651,0,4342,31.730,0
15:47:21.711,0,4343,17.370,1
15:47:21.729,1,19424,4.260,2
15:47:21.755,0,4344,18.493,0
15:47:21.768,1,19425,2.198,0
15:47:21.795,0,4345,16.700,0
15:47:21.808,1,19426,8.333,0
15:47:21.868,1,19427,26.079,0
15:47:21.903,0,4350,3.661,2
15:47:21.916,1,19428,28.716,0
15:47:21.977,2,26840,80.691,11
15:47:22.022,0,4352,4.535,0
15:47:22.032,1,19432,8.291,2
15:47:22.101,0,4357,3.064,3
15:47:22.102,2,26845,2.723,4
15:47:22.140,0,4358,3.918,0
15:47:22.152,2,26846,25.311,0
15:47:22.199,2,26847,33.423,0
15:47:22.213,0,4360,33.622,0
15:47:22.250,2,26848,34.831,0
15:47:22.251,0,4361,36.725,0
15:47:22.290,0,4362,35.694,0
15:47:22.293,2,26849,7.629,1
15:47:22.323,0,4363,26.854,0
15:47:22.365,0,4364,29.593,0
15:47:22.370,2,26851,34.763,0
15:47:22.399,0,4365,21.780,0
15:47:22.405,2,26852,28.293,0
15:47:22.435,0,4366,17.977,0
15:47:22.442,2,26853,29.258,0
15:47:22.468,0,4367,16.373,0
15:47:22.525,0,4368,32.720,0
15:47:22.570,2,26861,80.513,1
15:47:22.572,1,19437,91.488,11
15:47:22.628,2,26862,2.357,1
15:47:22.641,0,4374,11.606,2
15:47:22.664,2,26863,16.590,1
15:47:22.707,1,19439,25.343,4
15:47:22.739,1,19440,10.812,0
15:47:22.772,1,19441,12.539,0
15:47:22.805,1,19442,3.373,0
15:47:22.866,1,19444,16.055,0
15:47:22.897,1,19445,16.217,0
15:47:22.976,1,19453,8.293,1
15:47:23.003,1,19454,3.590,0
15:47:23.060,1,19456,18.821,0
15:47:23.117,1,19458,30.435,0
15:47:23.130,0,4379,40.052,11
15:47:23.143,2,26868,49.934,10
15:47:23.234,1,19459,26.312,2
15:47:23.241,2,26870,32.406,2
15:47:23.246,0,4380,28.957,2
15:47:23.264,1,19460,12.531,0
15:47:23.270,2,26871,17.742,0
15:47:23.283,0,4381,25.056,0
15:47:23.296,1,19461,3.819,0
15:47:23.303,2,26872,7.348,0
15:47:23.317,0,4382,20.698,0
15:47:23.332,1,19462,10.000,0
15:47:23.336,2,26873,10.397,0
15:47:23.355,0,4383,24.286,0
15:47:23.382,0,4384,5.963,0
15:47:23.391,1,19464,22.233,0
15:47:23.407,2,26875,37.447,0
15:47:23.426,1,19465,14.960,0
15:47:23.441,0,4386,24.332,0
15:47:23.443,2,26876,29.717,0
15:47:23.463,1,19466,23.408,0
15:47:23.468,0,4387,19.522,0
15:47:23.481,2,26877,34.519,0
15:47:23.493,1,19467,11.496,0
15:47:23.500,0,4388,8.317,0
15:47:23.518,2,26878,29.926,0
15:47:23.555,0,4389,11.674,0
15:47:23.573,2,26879,5.169,1
15:47:23.594,0,4390,17.577,0
15:47:23.605,1,19478,3.065,2
15:47:23.623,0,4391,9.225,0
15:47:23.651,1,19479,3.591,0
15:47:23.658,0,4392,4.647,0
15:47:23.704,1,19480,22.643,0
15:47:23.732,2,26888,36.207,2
15:47:23.798,0,4397,99.991,0
15:47:23.905,2,26891,8.443,4
15:47:23.912,0,4399,16.633,4
15:47:23.933,1,19483,1.218,5
15:47:23.950,0,4400,12.761,0
15:47:23.957,2,26892,25.675,0
15:47:23.981,1,19484,21.058,0
15:47:23.984,0,4401,10.819,0
15:47:24.003,2,26893,28.496,0
15:47:24.023,1,19485,20.077,0
15:47:24.027,0,4402,12.313,0
15:47:24.044,2,26894,27.657,0
15:47:24.066,0,4403,6.489,0
15:47:24.073,1,19486,25.643,0
15:47:24.086,2,26895,0.751,1
15:47:24.105,0,4404,14.263,0
15:47:24.114,1,19487,33.950,0
15:47:24.142,0,4405,7.474,0
15:47:24.151,1,19488,26.997,0
15:47:24.170,2,26900,38.202,0
15:47:24.184,0,4409,6.751,0
15:47:24.189,1,19489,29.087,0
15:47:24.206,2,26901,30.892,0
15:47:24.222,0,4410,9.610,0
15:47:24.227,1,19490,25.100,0
15:47:24.254,2,26902,7.359,1
15:47:24.261,0,4411,7.888,0
15:47:24.265,1,19491,19.524,0
15:47:24.299,0,4412,1.873,0
15:47:24.304,2,26903,13.616,0
15:47:24.306,1,19492,17.026,0
15:47:24.427,1,19500,8.064,2
15:47:24.584,2,26913,18.502,6
15:47:24.592,0,4419,17.055,6
15:47:24.615,2,26914,3.406,0
15:47:24.625,0,4420,7.004,0
15:47:24.679,2,26916,27.557,0
15:47:24.687,0,4422,26.780,0
15:47:24.716,2,26917,22.616,0
15:47:24.719,0,4423,26.329,0
15:47:24.751,0,4424,18.949,0
15:47:24.754,2,26918,28.671,0
15:47:24.780,0,4425,0.910,0
15:47:24.787,2,26919,19.828,0
15:47:24.816,0,4426,1.559,0
15:47:24.820,2,26920,6.898,0
15:47:24.886,0,4428,30.494,0
15:47:24.897,1,19504,7.072,11
15:47:24.899,2,26922,10.730,1
15:47:24.937,0,4429,40.061,0
15:47:25.045,2,26924,32.411,2
15:47:25.058,0,4430,5.310,3
15:47:25.058,1,19506,3.127,3
15:47:25.082,2,26925,24.182,0
15:47:25.095,1,19507,13.658,0
15:47:25.096,0,4431,2.799,0
15:47:25.113,2,26926,25.355,0
15:47:25.129,1,19508,4.230,0
15:47:25.145,2,26927,16.655,0
15:47:25.163,0,4436,24.597,0
15:47:25.215,1,19510,8.887,1
15:47:25.274,1,19511,28.679,0
15:47:25.283,2,26938,36.083,2
15:47:25.293,0,4441,37.091,2
15:47:25.314,1,19512,21.376,0
15:47:25.315,2,26939,22.472,0
15:47:25.323,0,4442,24.399,0
15:47:25.351,2,26940,17.809,0
15:47:25.354,0,4443,24.625,0
15:47:25.359,1,19513,38.392,0
15:47:25.386,2,26941,10.663,0
15:47:25.393,0,4444,19.778,0
15:47:25.394,1,19514,31.816,0
15:47:25.419,2,26942,11.567,0
15:47:25.427,0,4445,7.041,0
15:47:25.433,1,19515,24.723,0
15:47:25.455,2,26943,2.958,0
15:47:25.462,0,4446,7.676,0
15:47:25.471,1,19516,30.377,0
15:47:25.507,1,19517,22.834,0
15:47:25.521,2,26945,24.651,0
15:47:25.529,0,4448,31.702,0
15:47:25.635,1,19524,1.438,1
15:47:25.664,1,19525,14.597,1
15:47:25.686,2,26947,0.440,4
15:47:25.715,0,4450,13.806,4
15:47:25.745,0,4451,10.598,0
15:47:25.750,2,26949,22.409,0
15:47:25.778,0,4452,0.667,0
15:47:25.781,2,26950,3.313,0
15:47:25.834,0,4454,17.581,0
15:47:25.845,2,26952,30.018,0
15:47:25.867,0,4455,6.563,0
15:47:25.952,2,26960,13.877,2
15:47:25.990,2,26961,12.907,0
15:47:25.990,0,4460,10.915,2
15:47:26.020,2,26962,12.982,0
15:47:26.024,0,4461,4.665,0
15:47:26.058,2,26963,1.711,0
15:47:26.088,0,4463,31.075,0
15:47:26.121,0,4464,26.024,0
15:47:26.123,1,19529,41.828,10
15:47:26.125,2,26965,29.811,0
15:47:26.269,0,4469,14.930,3
15:47:26.281,1,19530,40.795,3
15:47:26.282,2,26970,28.973,3
15:47:26.298,0,4470,0.588,0
15:47:26.314,1,19531,29.238,0
15:47:26.317,2,26971,22.221,0
15:47:26.330,0,4471,0.400,0
15:47:26.346,1,19532,16.567,0
15:47:26.348,2,26972,22.374,0
15:47:26.377,1,19533,14.571,0
15:47:26.382,2,26973,14.332,0
15:47:26.387,0,4473,13.449,0
15:47:26.418,1,19534,15.111,0
15:47:26.421,0,4474,3.211,0
15:47:26.451,2,26975,34.123,0
15:47:26.457,0,4475,0.539,0
15:47:26.485,2,26976,28.224,0
15:47:26.485,1,19536,2.138,1
15:47:26.522,2,26977,31.932,0
15:47:26.523,0,4477,30.656,0
15:47:26.546,1,19538,21.214,0
15:47:26.605,1,19539,36.474,0
15:47:26.644,2,26985,27.834,2
15:47:26.647,1,19540,6.345,1
15:47:26.673,0,4482,21.543,3
15:47:26.681,2,26986,33.444,0
15:47:26.684,1,19541,1.748,0
15:47:26.713,0,4483,17.102,0
15:47:26.715,2,26987,23.616,0
15:47:26.919,0,4486,28.844,4
15:47:26.924,1,19551,2.421,5
15:47:26.929,2,26990,2.254,5
15:47:26.961,0,4487,28.953,0
15:47:26.994,0,4488,16.523,0
15:47:26.997,2,26992,28.244,0
15:47:26.999,1,19553,35.619,0
15:47:27.033,2,26993,16.412,0
15:47:27.033,0,4489,22.098,0
15:47:27.034,1,19554,26.154,0
15:47:27.067,2,26994,7.785,0
15:47:27.068,0,4490,14.519,0
15:47:27.070,1,19555,29.693,0
15:47:27.102,1,19556,19.441,0
15:47:27.103,0,4491,5.576,0
15:47:27.103,2,26995,16.693,0
15:47:27.135,2,26999,2.799,0
15:47:27.141,1,19560,3.935,0
15:47:27.175,0,4496,34.404,0
15:47:27.176,1,19561,7.073,0
15:47:27.209,2,27001,32.349,0
15:47:27.210,0,4497,33.564,0
15:47:27.211,1,19562,8.590,0
15:47:27.245,0,4498,29.701,0
15:47:27.249,2,27002,2.258,1
15:47:27.282,1,19564,37.072,0
15:47:27.283,0,4499,25.466,0
15:47:27.340,1,19565,50.856,0
15:47:27.379,2,27010,89.305,0
15:47:27.407,0,4504,102.423,0
15:47:27.532,2,27012,0.768,5
15:47:27.535,1,19566,5.062,5
15:47:27.535,0,4506,30.856,4
15:47:27.566,0,4507,27.123,0
15:47:27.612,0,4508,39.181,0
15:47:27.620,2,27014,2.560,1
15:47:27.648,1,19574,6.285,2
15:47:27.649,0,4509,26.968,0
15:47:27.683,2,27016,24.288,0
15:47:27.685,0,4510,27.233,0
15:47:27.687,1,19575,4.404,0
15:47:27.709,2,27017,24.229,0
15:47:27.723,0,4511,25.410,0
15:47:27.738,2,27018,9.314,0
15:47:27.762,1,19577,33.483,0
15:47:27.763,0,4512,32.359,0
15:47:27.794,1,19578,26.189,0
15:47:27.795,0,4513,21.676,0
15:47:27.804,2,27020,30.773,0
15:47:27.830,0,4514,8.463,0
15:47:27.831,1,19579,30.928,0
15:47:27.851,2,27021,3.747,1
15:47:27.864,0,4515,5.758,0
15:47:27.868,1,19580,19.776,0
15:47:27.901,0,4516,3.072,0
15:47:27.904,1,19581,13.632,0
15:47:27.932,2,27023,35.671,0
15:47:28.090,2,27024,36.373,3
15:47:28.097,1,19583,2.884,4
15:47:28.140,1,19584,11.154,0
15:47:28.170,0,4523,31.584,5
15:47:28.195,1,19588,26.103,0
15:47:28.211,0,4527,39.324,0
15:47:28.212,2,27032,2.464,3
15:47:28.225,1,19589,9.572,0
15:47:28.237,0,4528,17.443,0
15:47:28.264,1,19590,23.695,0
15:47:28.271,2,27037,19.001,0
15:47:28.272,0,4529,13.308,0
15:47:28.293,1,19591,11.626,0
15:47:28.304,0,4530,2.902,0
15:47:28.306,2,27038,10.456,0
15:47:28.344,2,27039,11.188,0
15:47:28.349,0,4531,15.430,0
15:47:28.387,2,27040,18.721,0
15:47:28.393,0,4532,17.978,0
15:47:28.408,1,19598,8.216,2
15:47:28.425,0,4533,7.305,0
15:47:28.427,2,27041,14.220,0
15:47:28.463,2,27042,3.315,0
15:47:28.471,1,19600,28.606,0
15:47:28.490,0,4535,31.541,0
15:47:28.502,2,27043,15.510,0
15:47:28.506,1,19601,18.288,0
15:47:28.524,0,4536,31.914,0
15:47:28.691,2,27045,43.472,3
15:47:28.691,0,4538,39.867,3
15:47:28.696,1,19603,14.235,4
15:47:28.715,0,4539,22.486,0
15:47:28.728,2,27046,36.345,0
15:47:28.746,0,4540,7.889,0
15:47:28.748,1,19605,20.856,0
15:47:28.760,2,27047,27.758,0
15:47:28.776,1,19606,7.627,0
15:47:28.800,2,27048,24.081,0
15:47:28.830,1,19607,20.010,0
15:47:28.844,2,27049,33.849,0
15:47:28.849,0,4545,37.636,1
15:47:28.862,1,19608,21.019,0
15:47:28.878,0,4546,21.134,0
15:47:28.898,1,19609,14.386,0
15:47:28.916,0,4547,16.926,0
15:47:28.942,1,19610,12.820,0
15:47:28.959,0,4548,27.487,0
15:47:28.965,2,27057,28.451,2
15:47:28.976,1,19611,14.869,0
15:47:28.988,0,4549,13.778,0
15:47:29.004,2,27058,36.354,0
15:47:29.013,1,19612,10.060,0
15:47:29.020,0,4550,3.680,0
15:47:29.039,2,27059,30.819,0
15:47:29.092,2,27060,39.723,0
15:47:29.104,0,4552,7.856,1
15:47:29.127,2,27061,31.958,0
15:47:29.128,1,19619,36.139,1
15:47:29.297,2,27064,6.292,4
15:47:29.315,1,19625,28.247,4
15:47:29.325,0,4558,31.703,4
15:47:29.348,1,19626,18.355,0
15:47:29.358,2,27069,24.033,0
15:47:29.359,0,4559,21.096,0
15:47:29.382,1,19627,19.641,0
15:47:29.391,0,4560,20.276,0
15:47:29.392,2,27070,17.642,0
15:47:29.411,1,19628,2.511,0
15:47:29.424,2,27071,16.253,0
15:47:29.427,0,4561,12.114,0
15:47:29.455,2,27072,2.336,0
15:47:29.471,1,19630,17.144,0
15:47:29.513,1,19631,31.962,0
15:47:29.548,2,27074,11.849,1
15:47:29.558,1,19632,33.615,0
15:47:29.570,0,4567,38.611,2
15:47:29.598,1,19633,25.662,0
15:47:29.617,0,4568,43.185,0
15:47:29.657,1,19634,11.110,1
15:47:29.659,0,4569,39.701,0
15:47:29.669,2,27082,15.810,2
15:47:29.692,1,19635,3.554,0
15:47:29.697,0,4570,5.095,1
15:47:29.702,2,27083,6.882,0
15:47:29.918,2,27086,31.640,4
15:47:29.927,0,4573,28.709,4
15:47:29.930,1,19644,0.781,5
15:47:29.953,2,27087,23.073,0
15:47:29.962,0,4574,22.193,0
15:47:29.991,1,19646,22.918,0
15:47:29.992,2,27088,18.490,0
15:47:29.996,0,4575,23.612,0
15:47:30.023,1,19647,12.828,0
15:47:30.029,2,27089,13.940,0
15:47:30.031,0,4576,14.882,0
15:47:30.061,2,27090,14.679,0
15:47:30.063,0,4577,5.408,0
15:47:30.083,1,19649,31.502,0
15:47:30.090,2,27091,0.496,0
15:47:30.116,1,19653,31.518,0
15:47:30.130,0,4579,31.301,0
15:47:30.157,2,27093,21.219,0
15:47:30.162,1,19654,33.896,0
15:47:30.165,0,4583,30.562,0
15:47:30.187,2,27094,10.702,0
15:47:30.199,0,4584,24.569,0
15:47:30.201,1,19655,31.134,0
15:47:30.221,2,27095,14.614,0
15:47:30.250,1,19656,5.970,1
15:47:30.273,2,27096,21.752,0
15:47:30.298,1,19657,7.595,0
15:47:30.305,0,4589,8.478,2
15:47:30.391,2,27107,93.656,0
15:47:30.504,0,4592,6.764,4
15:47:30.511,1,19659,22.967,4
15:47:30.512,2,27109,13.931,4
15:47:30.546,1,19660,11.775,0
15:47:30.546,2,27110,15.430,0
15:47:30.569,0,4594,28.176,0
15:47:30.584,2,27111,12.696,0
15:47:30.629,0,4595,12.097,1
15:47:30.629,2,27112,15.454,0
15:47:30.663,1,19667,15.293,2
15:47:30.668,2,27113,9.474,0
15:47:30.670,0,4596,11.530,0
15:47:30.691,1,19668,0.411,0
15:47:30.699,2,27114,13.262,0
15:47:30.706,0,4597,5.556,0
15:47:30.743,0,4598,7.007,0
15:47:30.751,1,19670,28.072,0
15:47:30.768,2,27116,32.135,0
15:47:30.780,0,4599,5.230,0
15:47:30.784,1,19671,20.198,0
15:47:30.802,2,27117,24.290,0
15:47:30.818,1,19672,8.235,0
15:47:30.821,0,4600,1.226,0
15:47:30.835,2,27118,19.877,0
15:47:30.851,1,19673,0.619,0
15:47:30.871,2,27119,23.368,0
15:47:30.901,0,4602,9.397,1
15:47:30.906,2,27120,17.031,0
15:47:30.913,1,19675,31.448,0
15:47:31.100,1,19676,15.843,4
15:47:31.111,0,4609,13.213,4
15:47:31.132,1,19677,2.546,0
15:47:31.163,0,4610,23.318,0
15:47:31.180,1,19681,5.928,0
15:47:31.203,0,4614,22.504,0
15:47:31.205,2,27129,33.395,6
15:47:31.214,1,19682,10.293,0
15:47:31.236,2,27130,21.120,0
15:47:31.238,0,4615,24.419,0
15:47:31.249,1,19683,4.493,0
15:47:31.270,2,27131,14.338,0
15:47:31.274,0,4616,21.165,0
15:47:31.296,2,27132,9.268,0
15:47:31.310,0,4617,11.276,0
15:47:31.353,2,27136,18.883,0
15:47:31.360,0,4618,18.803,0
15:47:31.387,1,19691,24.314,2
15:47:31.394,2,27137,17.684,0
15:47:31.396,0,4619,20.514,0
15:47:31.423,1,19692,19.667,0
15:47:31.427,2,27138,8.713,0
15:47:31.434,0,4620,20.750,0
15:47:31.461,2,27139,9.070,0
15:47:31.462,1,19693,9.728,0
15:47:31.471,0,4621,14.461,0
15:47:31.503,2,27140,8.355,0
15:47:31.507,0,4622,7.897,0
15:47:31.522,1,19695,28.543,0
15:47:31.675,0,4625,14.282,3
15:47:31.691,1,19697,2.494,4
15:47:31.695,2,27143,40.035,3
15:47:31.735,1,19698,5.872,0
15:47:31.748,2,27144,16.369,1
15:47:31.774,1,19699,0.247,0
15:47:31.779,0,4630,1.057,2
15:47:31.787,2,27145,10.602,0
15:47:31.808,1,19700,4.455,0
15:47:31.817,2,27146,1.427,0
15:47:31.843,0,4632,24.130,0
15:47:31.879,1,19702,33.679,0
15:47:31.892,0,4633,39.867,0
15:47:31.926,1,19703,34.520,0
15:47:31.931,0,4634,34.392,0
15:47:31.938,2,27154,4.550,2
15:47:31.954,1,19704,23.722,0
15:47:31.971,0,4635,31.375,0
15:47:31.987,1,19705,25.097,0
15:47:32.009,0,4636,28.163,0
15:47:32.010,2,27156,2.447,1
15:47:32.055,0,4637,41.894,0
15:47:32.061,2,27157,11.942,0
15:47:32.102,0,4638,2.172,1
15:47:32.102,2,27158,8.402,0
15:47:32.105,1,19712,15.319,2
15:47:32.298,2,27161,1.037,4
15:47:32.301,0,4644,3.768,4
15:47:32.313,1,19718,21.569,4
15:47:32.343,1,19719,6.277,0
15:47:32.359,2,27166,24.960,0
15:47:32.375,1,19720,1.980,0
15:47:32.376,0,4646,37.746,0
15:47:32.392,2,27167,18.751,0
15:47:32.406,1,19721,0.489,0
15:47:32.410,0,4647,31.766,0
15:47:32.429,2,27168,16.432,0
15:47:32.476,2,27169,16.279,0
15:47:32.483,1,19723,31.725,0
15:47:32.528,1,19724,3.981,1
15:47:32.531,2,27170,1.104,1
15:47:32.541,0,4652,1.262,3
15:47:32.580,0,4653,1.270,0
15:47:32.588,1,19726,22.495,0
15:47:32.632,1,19727,23.546,0
15:47:32.633,0,4654,20.435,0
15:47:32.673,0,4655,18.462,0
15:47:32.687,1,19728,5.282,1
15:47:32.690,2,27179,0.808,3
15:47:32.713,0,4656,14.438,0
15:47:32.911,2,27182,14.820,4
15:47:32.919,1,19737,28.489,4
15:47:32.942,0,4659,4.019,5
15:47:32.945,2,27183,16.763,0
15:47:32.950,1,19738,27.803,0
15:47:32.980,2,27184,8.187,0
15:47:32.982,1,19739,15.897,0
15:47:33.000,0,4661,20.324,0
15:47:33.014,1,19740,5.163,0
15:47:33.035,0,4662,13.084,0
15:47:33.047,2,27186,32.119,0
15:47:33.062,0,4663,9.014,0
15:47:33.074,1,19742,24.279,0
15:47:33.079,2,27187,20.888,0
15:47:33.100,1,19743,17.798,0
15:47:33.110,2,27188,21.726,0
15:47:33.135,1,19747,10.962,0
15:47:33.136,0,4668,36.659,0
15:47:33.139,2,27189,7.229,0
15:47:33.175,0,4669,34.184,0
15:47:33.202,2,27191,28.018,0
15:47:33.202,1,19749,34.203,0
15:47:33.265,2,27192,18.436,1
15:47:33.266,1,19750,23.634,1
15:47:33.290,0,4674,33.868,2
15:47:33.299,1,19751,14.707,0
15:47:33.302,2,27196,8.854,0
15:47:33.321,0,4675,23.241,0
15:47:33.499,1,19753,8.234,4
15:47:33.509,2,27205,13.235,4
15:47:33.525,0,4678,19.186,4
15:47:33.543,2,27206,14.802,0
15:47:33.562,0,4679,23.039,0
15:47:33.586,2,27207,13.429,0
15:47:33.605,0,4680,26.584,0
15:47:33.617,1,19760,6.887,2
15:47:33.623,2,27208,8.507,0
15:47:33.636,0,4681,14.907,0
15:47:33.657,1,19761,6.555,0
15:47:33.660,2,27209,4.026,0
15:47:33.670,0,4682,6.528,0
15:47:33.694,1,19762,12.305,0
15:47:33.701,2,27210,12.926,0
15:47:33.705,0,4683,8.811,0
15:47:33.738,2,27211,6.382,0
15:47:33.741,0,4684,4.759,0
15:47:33.756,1,19764,29.071,0
15:47:33.778,2,27212,4.830,0
15:47:33.790,1,19765,19.982,0
15:47:33.816,0,4686,34.259,0
15:47:33.824,1,19766,12.898,0
15:47:33.853,2,27214,2.651,1
15:47:33.860,0,4687,5.260,1
15:47:33.863,1,19767,19.227,0
15:47:33.897,1,19768,9.605,0
15:47:33.900,0,4688,3.530,0
15:47:33.918,2,27216,19.685,0
15:47:34.112,2,27218,15.195,4
15:47:34.113,1,19770,21.642,4
15:47:34.135,0,4695,1.239,5
15:47:34.153,1,19771,28.381,0
15:47:34.191,0,4699,15.099,0
15:47:34.214,1,19775,4.292,1
15:47:34.242,0,4700,21.800,0
15:47:34.260,1,19776,7.874,0
15:47:34.263,2,27225,6.221,3
15:47:34.284,0,4701,19.845,0
15:47:34.311,2,27226,22.990,0
15:47:34.316,1,19777,33.326,0
15:47:34.323,0,4702,29.309,0
15:47:34.363,2,27230,32.750,0
15:47:34.373,0,4703,37.707,0
15:47:34.422,2,27231,4.518,1
15:47:34.437,0,4704,11.856,1
15:47:34.466,2,27232,16.123,0
15:47:34.478,1,19784,35.274,3
15:47:34.486,0,4705,28.123,0
15:47:34.511,2,27233,21.004,0
15:47:34.521,1,19785,36.465,0
15:47:34.528,0,4706,32.659,0
15:47:34.706,2,27236,16.472,4
15:47:34.710,1,19788,15.677,4
15:47:34.716,0,4709,13.501,4
15:47:34.746,2,27237,8.465,0
15:47:34.747,1,19789,24.383,0
15:47:34.752,0,4710,14.832,0
15:47:34.777,1,19790,12.778,0
15:47:34.783,2,27238,6.566,0
15:47:34.833,1,19791,20.447,0
15:47:34.839,2,27239,26.591,0
15:47:34.865,0,4715,5.604,2
15:47:34.875,2,27240,19.933,0
15:47:34.876,1,19792,21.506,0
15:47:34.913,2,27241,11.602,0
15:47:34.915,1,19793,31.386,0
15:47:34.932,0,4717,33.416,0
15:47:34.945,2,27242,8.370,0
15:47:34.953,1,19794,25.034,0
15:47:34.965,0,4718,30.652,0
15:47:35.011,1,19795,39.091,0
15:47:35.013,0,4719,32.336,0
15:47:35.064,1,19796,21.021,1
15:47:35.065,0,4720,12.190,1
15:47:35.071,2,27249,16.731,2
15:47:35.105,1,19797,17.794,0
15:47:35.105,0,4721,8.847,0
15:47:35.109,2,27250,9.986,0
15:47:35.261,1,19808,2.278,1
15:47:35.315,2,27253,19.920,4
15:47:35.321,1,19809,29.680,2
15:47:35.347,0,4727,10.596,5
15:47:35.349,2,27257,17.373,0
15:47:35.357,1,19810,31.134,0
15:47:35.385,2,27258,4.295,0
15:47:35.390,1,19811,21.277,0
15:47:35.414,0,4729,32.190,0
15:47:35.419,2,27259,2.293,0
15:47:35.429,1,19812,17.282,0
15:47:35.453,0,4730,31.742,0
15:47:35.456,2,27260,5.204,0
15:47:35.464,1,19813,19.239,0
15:47:35.489,0,4731,26.568,0
15:47:35.506,1,19814,18.338,0
15:47:35.517,0,4732,20.806,0
15:47:35.528,2,27262,33.110,0
15:47:35.549,1,19815,17.956,0
15:47:35.581,2,27263,41.334,0
15:47:35.602,1,19816,29.574,0
15:47:35.626,2,27264,16.443,1
15:47:35.636,0,4737,14.923,2
15:47:35.639,1,19817,33.349,0
15:47:35.670,2,27265,17.254,0
15:47:35.670,0,4738,16.500,0
15:47:35.675,1,19818,29.152,0
15:47:35.709,2,27266,11.295,0
15:47:35.710,0,4739,10.197,0
15:47:35.713,1,19819,23.004,0
15:47:35.939,0,4742,4.409,5
15:47:35.939,2,27275,6.474,5
15:47:35.943,1,19822,17.679,5
15:47:36.021,2,27277,0.471,1
15:47:36.022,0,4744,2.387,1
15:47:36.050,1,19829,38.661,1
15:47:36.058,2,27278,0.996,0
15:47:36.082,1,19830,29.266,0
15:47:36.096,2,27279,5.468,0
15:47:36.099,0,4746,5.481,1
15:47:36.124,1,19831,39.436,0
15:47:36.170,0,4751,34.217,0
15:47:36.171,1,19832,44.374,0
15:47:36.173,2,27281,38.261,0
15:47:36.208,2,27282,29.253,0
15:47:36.209,0,4752,29.904,0
15:47:36.213,1,19836,0.150,1
15:47:36.247,0,4753,26.011,0
15:47:36.247,1,19837,3.561,0
15:47:36.250,2,27283,0.593,1
15:47:36.280,0,4754,27.550,0
15:47:36.321,1,19839,33.838,0
15:47:36.330,2,27288,39.615,0
15:47:36.403,0,4759,107.289,0
15:47:36.490,2,27290,33.281,3
15:47:36.513,0,4761,9.110,4
15:47:36.518,1,19841,31.195,4
15:47:36.560,0,4762,24.324,0
15:47:36.562,1,19842,34.097,0
15:47:36.600,0,4763,19.872,0
15:47:36.600,2,27298,25.912,2
15:47:36.601,1,19843,23.663,0
15:47:36.634,2,27299,17.899,0
15:47:36.640,1,19844,28.514,0
15:47:36.640,0,4764,19.281,0
15:47:36.671,2,27300,11.593,0
15:47:36.673,1,19845,29.612,0
15:47:36.675,0,4765,21.695,0
15:47:36.706,2,27301,15.854,0
15:47:36.710,0,4766,14.579,0
15:47:36.711,1,19846,24.698,0
15:47:36.744,0,4767,1.500,0
15:47:36.784,2,27303,7.569,1
15:47:36.799,0,4768,17.534,0
15:47:36.821,2,27304,2.633,0
15:47:36.822,1,19853,18.564,2
15:47:36.831,0,4769,16.783,0
15:47:36.863,1,19854,17.400,0
15:47:36.864,2,27305,11.607,0
15:47:36.866,0,4770,10.692,0
15:47:36.901,0,4771,0.749,0
15:47:36.905,1,19855,8.939,0
15:47:36.906,2,27306,12.852,0
15:47:37.088,2,27309,33.172,3
15:47:37.104,1,19858,19.937,4
15:47:37.138,2,27310,8.353,1
15:47:37.145,1,19859,19.037,0
15:47:37.164,0,4778,29.319,5
15:47:37.179,1,19863,9.080,0
15:47:37.180,2,27311,6.970,0
15:47:37.197,0,4782,21.418,0
15:47:37.226,0,4783,5.222,0
15:47:37.241,1,19865,29.972,0
15:47:37.265,0,4784,4.012,0
15:47:37.303,1,19866,14.256,1
15:47:37.307,0,4785,7.387,0
15:47:37.327,2,27320,36.974,2
15:47:37.335,1,19867,4.269,0
15:47:37.338,0,4786,1.287,0
15:47:37.367,2,27324,34.985,0
15:47:37.402,2,27325,26.402,0
15:47:37.403,1,19869,30.960,0
15:47:37.407,0,4788,26.241,0
15:47:37.434,2,27326,16.033,0
15:47:37.439,0,4789,16.931,0
15:47:37.443,1,19870,36.160,0
15:47:37.474,0,4790,6.362,0
15:47:37.475,2,27327,24.341,0
15:47:37.518,0,4791,20.641,0
15:47:37.538,2,27328,42.550,0
15:47:37.561,1,19877,62.112,1
15:47:37.714,2,27331,13.617,4
15:47:37.715,0,4793,10.220,4
15:47:37.716,1,19880,31.771,4
15:47:37.746,2,27332,16.229,0
15:47:37.748,1,19881,22.021,0
15:47:37.751,0,4794,16.876,0
15:47:37.776,1,19882,2.630,0
15:47:37.785,0,4795,9.081,0
15:47:37.786,2,27333,13.715,0
15:47:37.814,1,19883,1.615,0
15:47:37.821,2,27334,4.538,0
15:47:37.869,1,19884,24.114,0
15:47:37.870,2,27335,11.112,0
15:47:37.890,0,4800,28.736,1
15:47:37.905,1,19885,18.609,0
15:47:37.910,2,27336,18.129,0
15:47:37.923,0,4801,30.012,0
15:47:37.945,2,27337,11.412,0
15:47:37.961,1,19887,29.187,0
15:47:37.962,0,4802,25.992,0
15:47:37.999,1,19888,27.098,0
15:47:38.012,0,4803,31.540,0
15:47:38.051,1,19889,40.594,0
15:47:38.058,0,4804,32.177,0
15:47:38.064,2,27345,7.765,2
15:47:38.084,1,19890,31.309,0
15:47:38.097,0,4805,38.484,0
15:47:38.101,2,27346,1.499,0
15:47:38.118,1,19891,26.436,0
15:47:38.136,0,4806,35.569,0
15:47:38.320,1,19902,34.997,4
15:47:38.324,0,4812,21.875,4
15:47:38.331,2,27349,0.581,5
15:47:38.352,1,19903,25.397,0
15:47:38.357,0,4813,21.887,0
15:47:38.388,1,19904,15.305,0
15:47:38.390,0,4814,12.544,0
15:47:38.397,2,27354,22.900,0
15:47:38.422,0,4815,1.914,0
15:47:38.428,1,19905,15.615,0
15:47:38.429,2,27355,11.777,0
15:47:38.461,1,19906,16.589,0
15:47:38.462,2,27356,2.747,0
15:47:38.482,0,4817,19.569,0
15:47:38.515,1,19908,16.197,0
15:47:38.532,2,27358,33.392,0
15:47:38.565,1,19909,31.529,0
15:47:38.586,2,27359,9.891,1
15:47:38.601,0,4822,21.105,2
15:47:38.603,1,19910,30.677,0
15:47:38.629,0,4823,7.901,0
15:47:38.638,1,19911,33.749,0
15:47:38.653,2,27361,2.988,1
15:47:38.671,0,4824,16.876,0
15:47:38.675,1,19912,27.651,0
15:47:38.706,0,4825,9.912,0
15:47:38.711,1,19913,20.593,0
15:47:38.821,2,27370,127.606,0
15:47:38.901,2,27371,1.598,4
15:47:38.919,1,19915,32.861,4
15:47:38.921,0,4828,18.397,4
15:47:38.955,0,4829,21.422,0
15:47:38.972,2,27373,0.642,1
15:47:39.011,0,4830,30.668,0
15:47:39.028,1,19922,10.847,2
15:47:39.038,2,27375,21.686,0
15:47:39.044,0,4831,24.512,0
15:47:39.059,1,19923,15.644,0
15:47:39.074,2,27376,15.090,0
15:47:39.076,0,4832,14.014,0
15:47:39.092,1,19924,2.679,0
15:47:39.110,0,4833,14.480,0
15:47:39.111,2,27377,11.164,0
15:47:39.146,0,4834,5.257,0
15:47:39.148,2,27378,11.426,0
15:47:39.159,1,19929,25.461,0
15:47:39.185,0,4838,1.604,0
15:47:39.189,2,27379,15.213,0
15:47:39.193,1,19930,18.915,0
15:47:39.228,2,27380,9.423,0
15:47:39.230,1,19931,26.242,0
15:47:39.268,2,27381,6.057,0
15:47:39.280,1,19932,33.011,0
15:47:39.319,2,27382,14.264,0
15:47:39.328,1,19933,31.176,0
15:47:39.339,0,4844,36.514,2
15:47:39.502,0,4847,40.988,3
15:47:39.503,2,27387,7.784,4
15:47:39.504,1,19935,17.727,4
15:47:39.535,0,4848,30.862,0
15:47:39.540,1,19936,13.630,0
15:47:39.583,0,4849,1.815,1
15:47:39.589,1,19937,16.990,0
15:47:39.606,2,27395,24.671,1
15:47:39.621,1,19938,7.523,0
15:47:39.622,0,4850,5.924,0
15:47:39.641,2,27396,28.771,0
15:47:39.650,1,19939,5.304,0
15:47:39.673,2,27397,20.693,0
15:47:39.694,0,4852,34.365,0
15:47:39.709,2,27398,10.955,0
15:47:39.749,0,4853,13.780,1
15:47:39.758,2,27399,15.414,0
15:47:39.762,1,19946,29.888,1
15:47:39.780,0,4854,1.283,0
15:47:39.788,2,27400,12.976,0
15:47:39.795,1,19947,17.583,0
15:47:39.821,2,27401,6.423,0
15:47:39.828,1,19948,22.251,0
15:47:39.846,0,4856,22.877,0
15:47:39.865,1,19949,16.058,0
15:47:39.881,0,4857,17.294,0
15:47:39.892,2,27403,32.832,0
15:47:39.898,1,19950,7.259,0
15:47:39.919,0,4858,25.418,0
15:47:39.928,2,27404,28.073,0
15:47:40.112,0,4864,15.659,4
15:47:40.120,2,27406,27.468,4
15:47:40.135,1,19953,7.008,5
15:47:40.151,2,27407,10.892,0
15:47:40.180,0,4869,37.764,0
15:47:40.182,2,27408,6.593,0
15:47:40.201,1,19958,19.438,0
15:47:40.211,0,4870,28.337,0
15:47:40.243,0,4871,24.522,0
15:47:40.244,1,19959,24.121,0
15:47:40.294,0,4872,35.279,0
15:47:40.299,1,19960,12.108,1
15:47:40.325,2,27417,23.783,2
15:47:40.332,0,4873,29.214,0
15:47:40.335,1,19961,1.035,0
15:47:40.358,2,27418,23.251,0
15:47:40.370,0,4874,28.208,0
15:47:40.393,2,27422,14.089,0
15:47:40.402,1,19963,27.648,0
15:47:40.407,0,4875,28.817,0
15:47:40.429,2,27423,6.696,0
15:47:40.449,0,4876,27.609,0
15:47:40.479,2,27424,18.224,0
15:47:40.500,0,4877,36.417,0
15:47:40.516,2,27425,21.733,0
15:47:40.517,1,19970,22.191,2
15:47:40.537,0,4878,34.508,0
15:47:40.686,0,4880,25.600,3
15:47:40.707,2,27428,14.098,4
15:47:40.709,1,19973,21.836,4
15:47:40.754,2,27429,17.750,0
15:47:40.766,1,19974,34.063,0
15:47:40.783,0,4885,39.807,1
15:47:40.793,2,27430,16.042,0
15:47:40.801,1,19975,28.255,0
15:47:40.809,0,4886,25.573,0
15:47:40.829,2,27431,18.456,0
15:47:40.837,1,19976,23.186,0
15:47:40.838,0,4887,21.795,0
15:47:40.873,2,27432,21.649,0
15:47:40.875,0,4888,15.439,0
15:47:40.876,1,19977,30.395,0
15:47:40.909,0,4889,8.211,0
15:47:40.912,2,27433,15.110,0
15:47:40.914,1,19978,26.146,0
15:47:40.950,0,4890,6.715,0
15:47:40.951,2,27434,11.962,0
15:47:40.956,1,19979,23.241,0
15:47:40.991,1,19980,10.804,0
15:47:41.033,0,4892,15.449,1
15:47:41.043,1,19981,36.786,0
15:47:41.068,2,27442,12.113,2
15:47:41.069,0,4893,8.160,0
15:47:41.079,1,19982,29.825,0
15:47:41.106,0,4894,2.063,0
15:47:41.112,2,27443,12.158,0
15:47:41.117,1,19983,25.492,0
15:47:41.256,1,19994,1.537,0
15:47:41.300,2,27446,8.037,4
15:47:41.318,1,19995,19.822,3
15:47:41.335,0,4900,36.027,4
15:47:41.348,1,19996,15.977,0
15:47:41.363,2,27451,27.712,0
15:47:41.369,0,4901,27.808,0
15:47:41.379,1,19997,4.551,0
15:47:41.395,2,27452,17.747,0
15:47:41.404,0,4902,21.697,0
15:47:41.432,2,27453,12.695,0
15:47:41.463,1,19999,7.090,1
15:47:41.481,2,27454,28.167,0
15:47:41.506,1,20000,20.486,0
15:47:41.518,0,4907,17.182,2
15:47:41.520,2,27455,26.754,0
15:47:41.537,1,20001,7.126,0
15:47:41.552,0,4908,8.874,0
15:47:41.557,2,27456,19.628,0
15:47:41.589,0,4909,10.934,0
15:47:41.598,2,27457,18.258,0
15:47:41.603,1,20003,26.118,0
15:47:41.621,0,4910,2.567,0
15:47:41.633,2,27458,22.280,0
15:47:41.639,1,20004,24.430,0
15:47:41.666,2,27459,12.948,0
15:47:41.677,1,20005,30.071,0
15:47:41.692,0,4912,31.453,0
15:47:41.725,1,20006,36.040,0
15:47:41.742,0,4913,36.790,0
15:47:41.798,2,27467,101.701,0
15:47:41.906,1,20008,4.789,4
15:47:41.923,2,27469,20.807,4
15:47:41.931,0,4915,29.737,4
15:47:41.973,2,27470,41.976,0
15:47:41.983,0,4916,46.304,0
15:47:42.020,1,20015,6.830,2
15:47:42.023,0,4917,37.865,0
15:47:42.025,2,27471,6.913,1
15:47:42.062,0,4918,1.140,1
15:47:42.064,2,27472,0.188,0
15:47:42.097,1,20017,8.822,1
15:47:42.100,2,27473,8.628,0
15:47:42.136,0,4920,37.302,0
15:47:42.138,1,20018,8.638,0
15:47:42.141,2,27474,8.363,0
15:47:42.177,2,27475,1.131,0
15:47:42.179,0,4924,36.297,0
15:47:42.213,1,20023,39.569,0
15:47:42.254,2,27477,2.840,1
15:47:42.258,1,20024,11.235,1
15:47:42.282,0,4929,25.111,2
15:47:42.299,1,20025,9.038,0
15:47:42.320,0,4930,18.819,0
15:47:42.322,2,27479,24.783,0
15:47:42.510,2,27484,10.579,4
15:47:42.510,0,4933,12.235,4
15:47:42.523,1,20028,36.823,4
15:47:42.544,0,4934,6.149,0
15:47:42.582,1,20029,6.895,1
15:47:42.591,0,4935,7.561,0
15:47:42.614,2,27492,38.688,1
15:47:42.628,0,4936,1.330,0
15:47:42.641,2,27493,19.324,0
15:47:42.661,1,20031,14.409,1
15:47:42.664,0,4937,1.226,0
15:47:42.669,2,27494,6.799,0
15:47:42.701,1,20032,12.751,0
15:47:42.728,0,4939,23.861,0
15:47:42.730,2,27496,28.261,0
15:47:42.783,2,27497,3.883,1
15:47:42.787,0,4940,5.353,1
15:47:42.811,1,20039,5.184,2
15:47:42.850,1,20040,2.152,0
15:47:42.852,2,27499,33.621,0
15:47:42.855,0,4942,30.587,0
15:47:42.891,2,27500,30.934,0
15:47:42.892,0,4943,34.647,0
15:47:42.923,1,20042,28.627,0
15:47:42.927,2,27501,32.157,0
15:47:43.012,0,4948,114.815,0
15:47:43.107,2,27503,13.464,4
15:47:43.120,0,4950,10.291,4
15:47:43.126,1,20044,38.359,4
15:47:43.144,2,27504,5.434,0
15:47:43.149,0,4951,6.439,0
15:47:43.157,1,20045,23.922,0
15:47:43.189,1,20049,15.045,0
15:47:43.205,0,4956,18.080,0
15:47:43.218,2,27506,4.509,1
15:47:43.219,1,20050,3.813,0
15:47:43.233,0,4957,8.329,0
15:47:43.275,0,4958,8.178,0
15:47:43.297,1,20052,6.589,1
15:47:43.318,0,4959,20.572,0
15:47:43.333,2,27514,34.531,1
15:47:43.350,0,4960,7.918,0
15:47:43.365,2,27515,22.182,0
15:47:43.368,1,20054,32.673,0
15:47:43.384,0,4961,1.776,0
15:47:43.395,2,27519,23.990,0
15:47:43.404,1,20055,29.735,0
15:47:43.428,2,27520,13.995,0
15:47:43.439,1,20056,33.559,0
15:47:43.462,2,27521,1.801,0
15:47:43.468,0,4963,6.835,1
15:47:43.513,2,27522,8.542,0
15:47:43.514,0,4964,7.940,0
15:47:43.562,1,20063,69.308,1
15:47:43.694,1,20066,43.327,3
15:47:43.696,2,27525,39.320,3
15:47:43.752,1,20067,24.184,1
15:47:43.756,2,27526,23.606,1
15:47:43.793,0,4970,7.944,6
15:47:43.796,1,20068,27.478,0
15:47:43.804,2,27527,29.637,0
15:47:43.827,0,4971,9.740,0
15:47:43.837,1,20069,23.538,0
15:47:43.851,2,27528,29.418,0
15:47:43.871,0,4972,9.255,0
15:47:43.877,1,20070,20.492,0
15:47:43.899,2,27529,5.738,1
15:47:43.921,1,20071,32.607,0
15:47:43.923,0,4973,21.046,0
15:47:43.953,2,27530,15.369,0
15:47:43.967,1,20072,36.565,0
15:47:43.970,0,4974,26.483,0
15:47:44.007,2,27531,27.934,0
15:47:44.012,1,20073,36.548,0
15:47:44.016,0,4975,39.724,0
15:47:44.060,1,20074,9.826,1
15:47:44.067,0,4976,1.472,1
15:47:44.124,1,20075,32.578,0
15:47:44.128,0,4977,21.941,0
15:47:44.143,2,27539,43.064,2
15:47:44.342,0,4984,33.157,4
15:47:44.345,2,27543,38.998,4
15:47:44.388,0,4985,6.131,1
15:47:44.388,1,20088,10.321,6
15:47:44.394,2,27544,20.757,1
15:47:44.425,1,20089,4.102,0
15:47:44.429,0,4986,1.310,0
15:47:44.441,2,27548,22.745,0
15:47:44.469,1,20090,20.768,0
15:47:44.474,0,4987,13.758,0
15:47:44.483,2,27549,21.382,0
15:47:44.509,1,20091,18.461,0
15:47:44.520,0,4988,17.386,0
15:47:44.527,2,27550,23.188,0
15:47:44.548,1,20092,8.126,0
15:47:44.577,2,27551,36.052,0
15:47:44.604,1,20093,29.120,0
15:47:44.635,2,27552,13.036,1
15:47:44.646,1,20094,37.156,0
15:47:44.646,0,4994,22.433,2
15:47:44.673,2,27553,11.027,0
15:47:44.683,1,20095,33.092,0
15:47:44.689,0,4995,24.165,0
15:47:44.721,2,27554,22.329,0
15:47:44.723,1,20096,22.290,0
15:47:44.727,0,4996,24.430,0
15:47:44.905,0,4999,1.128,4
15:47:44.920,2,27557,18.770,4
15:47:44.923,1,20099,20.353,4
15:47:44.970,1,20100,40.437,0
15:47:44.979,0,5001,35.983,0
15:47:45.024,1,20101,6.525,1
15:47:45.027,0,5002,1.330,1
15:47:45.043,2,27565,27.207,2
15:47:45.060,1,20102,10.497,0
15:47:45.063,0,5003,6.783,0
15:47:45.081,2,27566,20.525,0
15:47:45.108,0,5004,5.947,0
15:47:45.133,2,27567,38.554,0
15:47:45.155,0,5005,10.158,0
15:47:45.174,2,27568,35.418,0
15:47:45.179,1,20110,3.460,2
15:47:45.200,0,5009,14.643,0
15:47:45.214,1,20114,2.171,0
15:47:45.217,2,27569,37.365,0
15:47:45.233,0,5010,13.115,0
15:47:45.258,2,27570,3.105,1
15:47:45.269,0,5011,8.722,0
15:47:45.289,1,20116,36.556,0
15:47:45.299,2,27571,2.709,0
15:47:45.348,1,20117,52.898,0
15:47:45.376,0,5017,71.918,0
15:47:45.519,0,5020,6.093,4
15:47:45.520,2,27577,7.905,4
15:47:45.521,1,20119,9.423,4
15:47:45.547,2,27578,13.421,0
15:47:45.556,1,20120,27.109,0
15:47:45.558,0,5021,21.033,0
15:47:45.594,0,5022,14.396,0
15:47:45.596,2,27579,20.312,0
15:47:45.597,1,20121,24.403,0
15:47:45.632,0,5023,7.472,0
15:47:45.633,1,20122,12.949,0
15:47:45.635,2,27580,12.534,0
15:47:45.668,1,20123,10.965,0
15:47:45.669,0,5024,3.626,0
15:47:45.674,2,27581,11.337,0
15:47:45.705,0,5025,7.519,0
15:47:45.707,1,20124,18.202,0
15:47:45.711,2,27582,17.296,0
15:47:45.745,1,20125,15.674,0
15:47:45.795,0,5027,8.176,1
15:47:45.796,1,20126,19.354,0
15:47:45.822,2,27591,41.360,1
15:47:45.839,1,20127,24.130,0
15:47:45.841,0,5028,15.550,0
15:47:45.860,2,27592,2.179,1
15:47:45.874,0,5029,15.751,0
15:47:45.919,2,27593,20.258,0
15:47:45.922,0,5030,19.241,0
15:47:45.970,1,20135,70.299,1
15:47:46.138,2,27596,4.280,5
15:47:46.152,0,5038,12.792,5
15:47:46.161,1,20138,33.001,5
15:47:46.191,0,5042,4.305,0
15:47:46.196,1,20139,26.148,0
15:47:46.204,2,27598,28.327,0
15:47:46.238,1,20143,23.539,0
15:47:46.241,2,27599,14.245,0
15:47:46.267,0,5044,11.109,1
15:47:46.274,1,20144,14.610,0
15:47:46.279,2,27600,25.987,0
15:47:46.308,0,5045,4.661,0
15:47:46.313,2,27601,13.759,0
15:47:46.314,1,20145,25.292,0
15:47:46.351,1,20146,20.258,0
15:47:46.352,2,27602,12.901,0
15:47:46.380,0,5047,35.637,0
15:47:46.392,2,27606,5.039,0
15:47:46.393,1,20147,17.329,0
15:47:46.420,0,5048,28.386,0
15:47:46.427,2,27607,3.292,0
15:47:46.439,1,20148,12.806,0
15:47:46.453,0,5049,27.485,0
15:47:46.469,2,27608,13.342,0
15:47:46.486,1,20149,39.350,0
15:47:46.488,0,5050,29.365,0
15:47:46.531,0,5051,26.035,0
15:47:46.531,1,20150,41.195,0
15:47:46.612,2,27616,112.454,0
15:47:46.652,2,27617,4.055,1
15:47:46.708,2,27618,6.315,2
15:47:46.752,2,27619,18.523,0
15:47:46.761,0,5053,21.481,5
15:47:46.790,2,27620,14.050,0
15:47:46.797,1,20160,26.590,6
15:47:46.800,0,5054,20.238,0
15:47:46.823,2,27621,4.212,0
15:47:46.829,1,20161,14.951,0
15:47:46.880,2,27622,18.168,0
15:47:46.882,1,20162,26.697,0
15:47:46.907,0,5060,9.388,2
15:47:46.917,1,20163,26.825,0
15:47:46.923,2,27623,28.306,0
15:47:46.948,0,5061,5.490,0
15:47:46.956,1,20164,26.905,0
15:47:46.962,2,27624,21.236,0
15:47:46.996,0,5062,10.336,0
15:47:46.998,1,20165,23.955,0
15:47:47.002,2,27625,18.338,0
15:47:47.042,1,20166,26.699,0
15:47:47.043,0,5063,16.132,0
15:47:47.047,2,27626,23.545,0
15:47:47.082,0,5064,24.010,0
15:47:47.085,1,20167,37.574,0
15:47:47.087,2,27627,33.152,0
15:47:47.126,0,5065,27.358,0
15:47:47.128,1,20168,38.900,0
15:47:47.130,2,27628,33.430,0
15:47:47.224,2,27630,6.742,1
15:47:47.323,1,20174,25.642,4
15:47:47.338,0,5071,34.819,4
15:47:47.355,2,27638,11.725,3
15:47:47.362,1,20175,25.234,0
15:47:47.375,0,5072,30.053,0
15:47:47.391,2,27639,9.247,0
15:47:47.400,1,20176,13.672,0
15:47:47.413,0,5073,27.642,0
15:47:47.436,2,27643,18.543,0
15:47:47.437,1,20177,27.235,0
15:47:47.457,0,5074,36.321,0
15:47:47.481,2,27644,20.393,0
15:47:47.516,0,5075,8.642,1
15:47:47.534,2,27645,32.640,0
15:47:47.559,0,5076,10.125,0
15:47:47.563,1,20185,21.463,2
15:47:47.582,2,27646,6.047,1
15:47:47.595,0,5077,13.158,0
15:47:47.602,1,20186,33.498,0
15:47:47.644,2,27647,19.186,0
15:47:47.650,1,20187,39.125,0
15:47:47.704,2,27648,8.250,1
15:47:47.707,1,20188,8.205,1
15:47:47.714,0,5083,13.327,2
15:47:47.904,2,27651,42.203,3
15:47:47.911,1,20191,5.284,4
15:47:47.912,0,5086,12.653,4
15:47:47.941,2,27652,5.438,1
15:47:47.951,0,5087,10.763,0
15:47:47.954,1,20192,21.862,0
15:47:47.988,2,27653,6.838,0
15:47:47.991,0,5088,1.880,0
15:47:47.994,1,20193,20.573,0
15:47:48.033,2,27654,11.960,0
15:47:48.033,0,5089,15.453,0
15:47:48.035,1,20194,19.117,0
15:47:48.075,1,20195,14.790,0
15:47:48.076,2,27655,11.429,0
15:47:48.078,0,5090,14.820,0
15:47:48.121,1,20196,32.689,0
15:47:48.122,0,5091,15.952,0
15:47:48.169,0,5092,28.766,0
15:47:48.176,1,20197,45.915,0
15:47:48.191,2,27662,8.281,2
15:47:48.212,0,5096,27.863,0
15:47:48.216,1,20198,39.086,0
15:47:48.228,2,27663,5.234,0
15:47:48.250,0,5097,23.926,0
15:47:48.260,1,20202,9.141,1
15:47:48.267,2,27664,10.815,0
15:47:48.284,0,5098,26.001,0
15:47:48.313,2,27665,15.226,0
15:47:48.330,0,5099,25.235,0
15:47:48.397,1,20209,104.493,0
15:47:48.485,1,20211,25.157,3
15:47:48.512,0,5105,6.526,4
15:47:48.514,2,27671,10.070,4
15:47:48.546,2,27672,12.265,0
15:47:48.577,2,27673,0.680,0
15:47:48.634,2,27675,12.221,0
15:47:48.664,2,27676,3.061,0
15:47:48.719,2,27678,25.504,0
15:47:48.765,2,27679,27.347,0
15:47:48.857,2,27686,2.767,2
15:47:48.903,2,27688,6.183,0
15:47:48.929,1,20212,34.526,10
15:47:48.934,0,5106,27.916,9
15:47:49.051,2,27690,28.346,2
15:47:49.063,0,5107,40.538,2
15:47:49.065,1,20213,3.710,3
15:47:49.081,2,27691,13.758,0
15:47:49.083,0,5108,14.288,0
15:47:49.094,1,20214,2.597,0
15:47:49.114,2,27692,18.034,0
15:47:49.119,0,5109,11.012,0
15:47:49.144,2,27693,3.110,0
15:47:49.153,0,5110,11.548,0
15:47:49.157,1,20216,23.225,0
15:47:49.192,1,20220,17.019,0
15:47:49.200,2,27695,14.201,0
15:47:49.212,0,5115,25.856,0
15:47:49.227,1,20221,9.902,0
15:47:49.228,2,27696,12.981,0
15:47:49.251,0,5116,24.383,0
15:47:49.257,1,20222,7.438,0
15:47:49.276,0,5117,16.835,0
15:47:49.289,2,27698,31.640,0
15:47:49.322,1,20224,30.427,0
15:47:49.328,0,5119,24.569,0
15:47:49.335,2,27699,31.505,0
15:47:49.360,1,20225,25.753,0
15:47:49.368,2,27703,26.079,0
15:47:49.377,0,5120,31.735,0
15:47:49.408,1,20226,0.199,1
15:47:49.433,0,5121,12.155,1
15:47:49.478,0,5122,15.797,0
15:47:49.489,2,27710,28.146,2
15:47:49.539,2,27711,37.098,0
15:47:49.543,1,20233,46.823,1
15:47:49.610,0,5127,103.547,0
15:47:49.723,1,20236,31.598,4
15:47:49.733,0,5129,27.409,4
15:47:49.745,2,27714,8.356,5
15:47:49.756,1,20237,25.850,0
15:47:49.766,0,5130,18.956,0
15:47:49.790,1,20238,14.668,0
15:47:49.799,0,5131,11.014,0
15:47:49.814,2,27716,30.137,0
15:47:49.823,1,20239,3.660,0
15:47:49.838,0,5132,17.908,0
15:47:49.857,2,27717,39.563,0
15:47:49.858,1,20240,6.402,0
15:47:49.876,0,5133,15.813,0
15:47:49.894,2,27718,34.307,0
15:47:49.894,1,20241,3.584,0
15:47:49.915,0,5134,9.316,0
15:47:49.930,2,27719,28.093,0
15:47:49.953,0,5135,5.100,0
15:47:49.964,1,20243,28.575,0
15:47:49.966,2,27720,23.779,0
15:47:49.996,0,5136,14.410,0
15:47:50.000,1,20244,19.102,0
15:47:50.002,2,27721,21.726,0
15:47:50.041,1,20245,31.097,0
15:47:50.041,2,27722,24.309,0
15:47:50.042,0,5137,21.320,0
15:47:50.079,2,27723,16.456,0
15:47:50.083,0,5138,18.498,0
15:47:50.084,1,20246,32.808,0
15:47:50.119,2,27724,24.652,0
15:47:50.122,1,20247,24.583,0
15:47:50.125,0,5139,17.842,0
15:47:50.385,2,27731,4.644,6
15:47:50.390,1,20254,8.608,6
15:47:50.494,0,5149,31.759,8
15:47:50.522,0,5150,17.344,0
15:47:50.550,0,5151,2.869,0
15:47:50.598,0,5153,17.442,0
15:47:50.648,0,5155,21.922,0
15:47:50.686,0,5156,21.344,0
15:47:50.723,2,27735,28.224,7
15:47:50.724,1,20258,28.136,7
15:47:50.734,0,5157,27.072,0
15:47:50.854,0,5158,25.622,2
15:47:50.863,1,20259,1.995,3
15:47:50.866,2,27736,5.367,3
15:47:50.879,0,5159,9.189,0
15:47:50.906,0,5160,4.057,0
15:47:50.912,1,20261,23.307,0
15:47:50.923,2,27738,20.867,0
15:47:50.936,1,20262,3.637,0
15:47:50.945,2,27739,3.494,0
15:47:50.970,0,5162,26.340,0
15:47:50.993,0,5163,6.906,0
15:47:51.004,1,20264,28.669,0
15:47:51.008,2,27741,25.291,0
15:47:51.051,2,27742,36.070,0
15:47:51.058,1,20265,9.309,1
15:47:51.086,0,5168,25.048,1
15:47:51.095,2,27743,38.635,0
15:47:51.113,0,5169,9.926,0
15:47:51.121,1,20267,28.910,0
15:47:51.130,2,27744,26.416,0
15:47:51.164,1,20268,28.876,0
15:47:51.172,0,5174,27.025,0
15:47:51.174,2,27745,31.723,0
15:47:51.201,0,5175,12.299,0
15:47:51.204,2,27746,29.511,0
15:47:51.208,1,20269,31.471,0
15:47:51.228,0,5176,8.864,0
15:47:51.239,1,20270,29.140,0
15:47:51.250,2,27747,33.005,0
15:47:51.279,1,20271,28.100,0
15:47:51.293,0,5178,29.757,0
15:47:51.297,2,27748,33.591,0
15:47:51.345,0,5179,40.025,0
15:47:51.439,2,27755,141.114,0
15:47:51.439,1,20278,141.474,0
15:47:51.517,0,5180,17.866,4
15:47:51.531,1,20279,41.731,4
15:47:51.531,2,27756,33.193,4
15:47:51.549,0,5181,3.195,0
15:47:51.563,2,27757,17.013,0
15:47:51.567,1,20280,34.209,0
15:47:51.595,2,27758,14.663,0
15:47:51.601,1,20281,19.633,0
15:47:51.612,0,5183,26.206,0
15:47:51.636,2,27759,18.508,0
15:47:51.637,1,20282,17.554,0
15:47:51.644,0,5184,15.019,0
15:47:51.667,1,20283,17.710,0
15:47:51.674,2,27760,11.230,0
15:47:51.678,0,5185,17.887,0
15:47:51.698,1,20284,6.801,0
15:47:51.755,1,20285,13.371,0
15:47:51.756,2,27762,17.810,1
15:47:51.785,0,5190,39.066,1
15:47:51.796,1,20289,14.803,0
15:47:51.796,2,27766,15.944,0
15:47:51.818,0,5191,31.446,0
15:47:51.827,2,27767,4.113,0
15:47:51.833,1,20290,22.912,0
15:47:51.865,0,5192,3.821,1
15:47:51.866,2,27768,3.238,0
15:47:51.870,1,20291,18.944,0
15:47:51.906,2,27769,8.111,0
15:47:51.907,0,5193,1.316,0
15:47:51.908,1,20292,13.071,0
15:47:52.091,2,27772,31.189,3
15:47:52.109,0,5196,7.474,4
15:47:52.116,1,20295,26.537,4
15:47:52.156,0,5197,16.022,0
15:47:52.213,0,5201,27.434,0
15:47:52.220,2,27780,43.983,2
15:47:52.251,1,20302,0.837,3
15:47:52.256,0,5202,29.107,0
15:47:52.260,2,27781,39.476,0
15:47:52.290,0,5203,31.254,0
15:47:52.294,2,27782,33.039,0
15:47:52.309,1,20304,14.947,0
15:47:52.329,2,27783,25.378,0
15:47:52.330,0,5204,27.397,0
15:47:52.341,1,20305,1.865,0
15:47:52.364,2,27784,24.256,0
15:47:52.368,0,5205,22.934,0
15:47:52.398,2,27785,17.593,0
15:47:52.409,0,5206,21.605,0
15:47:52.410,1,20307,29.685,0
15:47:52.430,2,27786,8.016,0
15:47:52.441,1,20308,30.518,0
15:47:52.448,0,5207,28.102,0
15:47:52.478,1,20309,26.694,0
15:47:52.518,2,27788,18.115,1
15:47:52.523,1,20310,21.710,0
15:47:52.566,0,5212,58.846,1
15:47:52.724,2,27791,25.897,4
15:47:52.729,0,5215,29.463,4
15:47:52.734,1,20312,43.020,4
15:47:52.759,2,27792,14.290,0
15:47:52.760,0,5216,15.861,0
15:47:52.766,1,20313,31.116,0
15:47:52.794,0,5217,7.846,0
15:47:52.795,2,27796,11.785,0
15:47:52.801,1,20317,25.074,0
15:47:52.831,2,27797,9.853,0
15:47:52.834,1,20318,12.808,0
15:47:52.857,0,5219,28.629,0
15:47:52.862,1,20319,11.528,0
15:47:52.916,0,5220,13.442,1
15:47:52.948,2,27805,42.746,1
15:47:52.962,0,5221,10.714,0
15:47:52.992,2,27806,14.572,1
15:47:52.996,1,20326,16.806,2
15:47:52.999,0,5222,11.957,0
15:47:53.032,1,20327,22.917,0
15:47:53.035,2,27807,9.893,0
15:47:53.038,0,5223,12.349,0
15:47:53.068,2,27808,0.460,0
15:47:53.072,1,20328,20.190,0
15:47:53.081,0,5224,19.422,0
15:47:53.109,2,27809,5.401,0
15:47:53.110,1,20329,13.696,0
15:47:53.115,0,5225,8.054,0
15:47:53.306,2,27812,8.453,4
15:47:53.334,1,20332,2.038,5
15:47:53.344,0,5235,1.993,5
15:47:53.373,2,27814,29.292,0
15:47:53.408,0,5237,22.255,0
15:47:53.409,1,20334,33.440,0
15:47:53.410,2,27815,27.287,0
15:47:53.437,0,5238,9.586,0
15:47:53.444,1,20335,27.485,0
15:47:53.446,2,27816,22.301,0
15:47:53.477,1,20336,13.949,0
15:47:53.480,0,5239,17.836,0
15:47:53.481,2,27817,23.319,0
15:47:53.503,1,20337,13.215,0
15:47:53.517,2,27818,19.138,0
15:47:53.518,0,5240,14.679,0
15:47:53.532,1,20338,0.737,0
15:47:53.548,2,27819,3.718,0
15:47:53.550,0,5241,1.978,0
15:47:53.623,1,20340,46.996,0
15:47:53.645,0,5243,22.964,1
15:47:53.660,2,27827,36.670,1
15:47:53.685,0,5244,21.477,0
15:47:53.712,2,27828,8.070,1
15:47:53.729,0,5245,21.496,0
15:47:53.743,1,20347,49.073,2
15:47:53.909,0,5247,9.292,4
15:47:53.927,1,20353,37.592,4
15:47:53.929,2,27834,33.138,4
15:47:53.960,1,20354,26.463,0
15:47:53.964,2,27835,25.669,0
15:47:54.013,2,27836,29.414,0
15:47:54.017,1,20355,41.346,0
15:47:54.040,0,5253,11.084,2
15:47:54.050,2,27837,26.661,0
15:47:54.052,1,20356,1.746,1
15:47:54.067,0,5254,6.137,0
15:47:54.086,2,27838,30.823,0
15:47:54.126,2,27839,27.848,0
15:47:54.128,1,20358,34.519,0
15:47:54.128,0,5256,25.913,0
15:47:54.160,2,27840,18.600,0
15:47:54.166,0,5260,18.324,0
15:47:54.167,1,20359,31.472,0
15:47:54.199,0,5261,6.528,0
15:47:54.200,1,20360,22.942,0
15:47:54.202,2,27841,16.176,0
15:47:54.236,1,20361,26.161,0
15:47:54.237,0,5262,16.592,0
15:47:54.237,2,27842,20.393,0
15:47:54.269,0,5263,7.737,0
15:47:54.273,1,20362,20.694,0
15:47:54.273,2,27843,14.129,0
15:47:54.309,2,27844,5.617,0
15:47:54.310,1,20363,13.588,0
15:47:54.312,0,5264,5.253,0
15:47:54.436,2,27853,9.209,0
15:47:54.490,2,27854,30.108,2
15:47:54.508,0,5266,3.275,4
15:47:54.518,2,27855,15.947,0
15:47:54.558,0,5267,13.912,0
15:47:54.560,2,27856,15.448,0
15:47:54.596,2,27857,18.187,0
15:47:54.597,0,5268,10.756,0
15:47:54.603,1,20371,23.588,6
15:47:54.633,2,27858,8.297,0
15:47:54.635,1,20372,13.066,0
15:47:54.670,0,5270,6.340,1
15:47:54.674,1,20373,22.370,0
15:47:54.692,2,27860,25.204,0
15:47:54.722,1,20374,29.565,0
15:47:54.739,2,27861,0.570,1
15:47:54.767,1,20375,29.623,0
15:47:54.779,0,5275,31.858,1
15:47:54.806,1,20379,23.164,0
15:47:54.811,2,27866,26.372,0
15:47:54.814,0,5276,25.686,0
15:47:54.845,1,20380,34.215,0
15:47:54.846,0,5277,26.305,0
15:47:54.848,2,27867,25.005,0
15:47:54.882,1,20381,29.662,0
15:47:54.883,2,27868,15.239,0
15:47:54.886,0,5278,19.592,0
15:47:54.920,2,27869,20.064,0
15:47:54.922,0,5279,14.009,0
15:47:54.923,1,20382,22.587,0
15:47:55.111,1,20385,14.576,4
15:47:55.118,2,27878,18.510,4
15:47:55.122,0,5282,18.136,4
15:47:55.141,1,20386,3.266,0
15:47:55.148,2,27879,2.966,0
15:47:55.153,0,5283,9.022,0
15:47:55.186,2,27880,2.472,0
15:47:55.189,0,5287,1.042,0
15:47:55.199,1,20388,19.461,0
15:47:55.221,2,27881,5.506,0
15:47:55.265,2,27882,6.034,0
15:47:55.272,0,5289,8.807,1
15:47:55.307,2,27883,0.921,0
15:47:55.311,0,5290,4.520,0
15:47:55.312,1,20395,16.825,2
15:47:55.345,1,20396,6.611,0
15:47:55.348,0,5291,2.120,0
15:47:55.374,2,27885,30.328,0
15:47:55.386,1,20397,14.505,0
15:47:55.407,2,27886,31.326,0
15:47:55.423,1,20398,8.972,0
15:47:55.467,2,27887,3.820,1
15:47:55.472,1,20399,11.021,0
15:47:55.500,0,5297,32.439,2
15:47:55.508,1,20400,9.052,0
15:47:55.513,2,27888,9.641,0
15:47:55.532,0,5298,22.780,0
15:47:55.719,0,5301,17.299,4
15:47:55.723,2,27891,22.803,4
15:47:55.725,1,20403,28.428,4
15:47:55.756,1,20404,18.416,0
15:47:55.766,0,5302,19.209,0
15:47:55.803,0,5303,14.521,0
15:47:55.804,1,20408,24.198,0
15:47:55.838,2,27899,20.066,2
15:47:55.839,0,5304,19.165,0
15:47:55.841,1,20409,28.580,0
15:47:55.874,2,27903,11.280,0
15:47:55.875,1,20410,22.817,0
15:47:55.877,0,5305,12.957,0
15:47:55.908,2,27904,5.679,0
15:47:55.911,1,20411,11.588,0
15:47:55.912,0,5306,5.135,0
15:47:55.945,1,20412,5.779,0
15:47:55.948,2,27905,3.771,0
15:47:55.949,0,5307,0.385,0
15:47:55.987,0,5308,6.960,0
15:47:55.991,2,27906,12.540,0
15:47:56.043,2,27907,19.944,0
15:47:56.044,0,5309,20.229,0
15:47:56.058,1,20419,44.176,1
15:47:56.079,2,27908,12.714,0
15:47:56.080,0,5310,12.366,0
15:47:56.097,1,20420,38.709,0
15:47:56.116,0,5311,3.946,0
15:47:56.117,2,27909,6.998,0
15:47:56.140,1,20421,38.986,0
15:47:56.323,2,27912,15.622,4
15:47:56.341,1,20424,1.412,5
15:47:56.353,0,5321,1.872,5
15:47:56.358,2,27913,15.589,0
15:47:56.389,1,20425,2.351,0
15:47:56.397,2,27914,5.578,0
15:47:56.430,0,5323,6.417,1
15:47:56.430,1,20426,18.332,0
15:47:56.435,2,27915,17.899,0
15:47:56.473,0,5324,3.739,0
15:47:56.474,1,20427,20.114,0
15:47:56.476,2,27916,15.878,0
15:47:56.517,1,20428,19.594,0
15:47:56.561,0,5326,15.866,1
15:47:56.574,1,20429,1.256,1
15:47:56.592,2,27924,14.689,2
15:47:56.596,0,5327,13.243,0
15:47:56.624,1,20430,9.523,0
15:47:56.635,0,5328,6.912,0
15:47:56.636,2,27925,12.266,0
15:47:56.668,1,20431,7.616,0
15:47:56.677,2,27926,11.670,0
15:47:56.679,0,5329,7.736,0
15:47:56.718,2,27927,13.361,0
15:47:56.720,1,20432,21.265,0
15:47:56.726,0,5330,22.700,0
15:47:56.893,1,20444,32.167,3
15:47:56.922,0,5333,7.802,4
15:47:56.924,2,27931,18.032,4
15:47:56.969,2,27935,32.360,0
15:47:57.020,2,27936,36.748,0
15:47:57.029,0,5339,38.450,1
15:47:57.057,2,27937,34.015,0
15:47:57.067,0,5340,35.183,0
15:47:57.099,2,27938,32.241,0
15:47:57.102,0,5341,30.683,0
15:47:57.136,0,5342,30.313,0
15:47:57.138,2,27939,33.987,0
15:47:57.171,0,5343,26.108,0
15:47:57.174,2,27940,31.080,0
15:47:57.206,0,5347,19.594,0
15:47:57.217,2,27941,34.369,0
15:47:57.237,0,5348,6.457,0
15:47:57.252,2,27942,27.555,0
15:47:57.269,0,5349,6.188,0
15:47:57.351,0,5351,44.855,0
15:47:57.363,2,27951,58.638,1
15:47:57.368,1,20446,67.625,10
15:47:57.436,2,27953,6.878,2
15:47:57.487,0,5353,23.161,3
15:47:57.496,1,20448,32.574,3
15:47:57.516,0,5354,11.663,0
15:47:57.529,1,20449,21.513,0
15:47:57.559,1,20450,20.938,0
15:47:57.579,0,5356,30.757,0
15:47:57.589,1,20451,9.444,0
15:47:57.648,1,20452,21.158,0
15:47:57.680,0,5362,15.280,2
15:47:57.682,1,20453,20.747,0
15:47:57.708,0,5363,1.252,0
15:47:57.718,1,20454,25.639,0
15:47:57.755,1,20455,17.346,0
15:47:57.773,0,5365,19.508,0
15:47:57.793,1,20459,14.417,0
15:47:57.804,0,5366,22.107,0
15:47:57.834,1,20460,11.891,0
15:47:57.838,0,5367,8.896,0
15:47:57.864,1,20461,10.872,0
15:47:57.870,0,5368,1.620,0
15:47:57.925,1,20463,28.773,0
15:47:57.946,0,5370,35.603,0
15:47:57.946,2,27957,42.141,11
15:47:58.094,0,5371,21.915,3
15:47:58.122,1,20472,18.105,4
15:47:58.125,2,27958,14.681,4
15:47:58.135,0,5372,28.303,0
15:47:58.156,1,20473,24.565,0
15:47:58.158,2,27959,18.189,0
15:47:58.174,0,5373,25.807,0
15:47:58.183,1,20474,7.737,0
15:47:58.194,2,27960,8.929,0
15:47:58.212,0,5377,23.056,0
15:47:58.230,2,27961,1.186,0
15:47:58.246,0,5378,15.567,0
15:47:58.250,1,20476,31.903,0
15:47:58.284,0,5379,21.360,0
15:47:58.294,1,20477,30.955,0
15:47:58.301,2,27963,1.794,1
15:47:58.334,1,20478,1.088,1
15:47:58.346,2,27964,4.909,0
15:47:58.391,2,27965,6.130,0
15:47:58.393,1,20479,10.140,0
15:47:58.413,0,5385,22.826,2
15:47:58.430,2,27966,4.105,0
15:47:58.433,1,20480,10.730,0
15:47:58.447,0,5386,25.935,0
15:47:58.466,2,27967,7.031,0
15:47:58.471,1,20481,19.895,0
15:47:58.483,0,5387,20.098,0
15:47:58.504,2,27968,1.378,0
15:47:58.513,1,20482,19.604,0
15:47:58.517,0,5388,6.728,0
15:47:58.680,2,27978,1.440,0
15:47:58.740,2,27979,16.961,3
15:47:58.751,1,20485,16.927,5
15:47:58.774,2,27980,27.942,0
15:47:58.827,0,5391,37.506,6
15:47:58.835,2,27981,9.349,1
15:47:58.870,1,20496,5.284,2
15:47:58.874,0,5392,6.611,1
15:47:58.876,2,27982,10.566,0
15:47:58.910,1,20497,18.791,0
15:47:58.916,0,5393,8.337,0
15:47:58.919,2,27983,12.222,0
15:47:58.953,0,5394,3.400,0
15:47:58.956,1,20498,20.884,0
15:47:58.958,2,27984,16.404,0
15:47:58.997,1,20499,13.280,0
15:47:58.999,2,27988,16.670,0
15:47:59.030,0,5396,39.832,0
15:47:59.036,1,20500,8.918,0
15:47:59.038,2,27989,11.888,0
15:47:59.063,0,5397,31.643,0
15:47:59.073,1,20501,20.963,0
15:47:59.078,2,27990,9.054,0
15:47:59.097,0,5398,28.642,0
15:47:59.112,1,20502,15.942,0
15:47:59.120,2,27991,21.813,0
15:47:59.135,0,5399,21.577,0
15:47:59.344,1,20505,12.192,5
15:47:59.351,0,5409,43.510,4
15:47:59.359,2,27994,13.534,5
15:47:59.384,1,20506,9.435,0
15:47:59.386,0,5410,4.159,1
15:47:59.429,1,20507,1.889,0
15:47:59.441,0,5411,14.435,0
15:47:59.473,1,20508,8.074,0
15:47:59.474,0,5412,4.908,0
15:47:59.474,2,28003,9.739,2
15:47:59.502,1,20509,8.447,0
15:47:59.515,2,28004,10.250,0
15:47:59.545,0,5414,3.477,1
15:47:59.557,2,28005,10.800,0
15:47:59.596,0,5415,7.530,0
15:47:59.601,2,28006,14.843,0
15:47:59.647,2,28007,23.964,0
15:47:59.651,0,5416,19.987,0
15:47:59.667,1,20518,15.079,3
15:47:59.691,2,28008,23.226,0
15:47:59.695,0,5417,24.914,0
15:47:59.699,1,20519,5.039,0
15:47:59.723,2,28009,16.514,0
15:47:59.733,0,5418,32.139,0
15:47:59.918,1,20525,25.800,4
15:47:59.925,0,5421,19.870,4
15:47:59.927,2,28012,28.957,4
15:47:59.949,1,20526,14.956,0
15:47:59.965,2,28013,23.012,0
15:47:59.965,0,5422,17.193,0
15:47:59.991,1,20527,10.895,0
15:48:00.002,2,28017,18.573,0
15:48:00.046,2,28018,14.045,0
15:48:00.052,1,20528,21.492,0
15:48:00.076,0,5428,11.170,2
15:48:00.086,2,28019,27.725,0
15:48:00.093,1,20529,38.667,0
15:48:00.125,2,28020,25.003,0
15:48:00.131,1,20530,35.458,0
15:48:00.143,0,5430,33.020,0
15:48:00.181,1,20531,40.807,0
15:48:00.184,0,5434,33.758,0
15:48:00.231,1,20532,15.257,1
15:48:00.231,0,5435,5.705,1
15:48:00.254,2,28029,34.248,2
15:48:00.272,1,20533,15.999,0
15:48:00.296,2,28030,36.609,0
15:48:00.297,0,5437,29.208,0
15:48:00.307,1,20534,6.539,0
15:48:00.336,0,5438,26.679,0
15:48:00.338,2,28031,33.587,0
15:48:00.509,0,5440,37.818,3
15:48:00.514,2,28034,6.628,4
15:48:00.544,0,5441,0.299,1
15:48:00.554,1,20544,19.302,5
15:48:00.556,2,28035,15.315,0
15:48:00.599,1,20545,18.662,0
15:48:00.600,2,28036,14.240,0
15:48:00.610,0,5443,23.612,0
15:48:00.647,2,28037,22.475,0
15:48:00.648,1,20546,27.115,0
15:48:00.652,0,5444,22.491,0
15:48:00.689,2,28038,23.112,0
15:48:00.695,0,5445,24.055,0
15:48:00.696,1,20547,1.482,1
15:48:00.733,2,28039,33.736,0
15:48:00.752,1,20548,7.502,0
15:48:00.798,2,28040,11.236,1
15:48:00.813,0,5451,20.262,2
15:48:00.813,1,20552,33.012,0
15:48:00.843,2,28041,15.446,0
15:48:00.853,0,5452,22.031,0
15:48:00.857,1,20553,2.908,1
15:48:00.891,2,28042,29.841,0
15:48:00.898,0,5453,35.841,0
15:48:00.900,1,20554,0.658,0
15:48:00.939,0,5454,34.183,0
15:48:00.942,2,28043,38.472,0
15:48:01.050,0,5456,6.785,2
15:48:01.076,2,28051,15.212,3
15:48:01.114,1,20557,17.744,4
15:48:01.145,1,20558,4.125,0
15:48:01.203,1,20560,18.387,0
15:48:01.282,1,20568,26.155,1
15:48:01.311,1,20569,7.656,0
15:48:01.342,1,20570,8.305,0
15:48:01.397,1,20572,21.639,0
15:48:01.423,1,20573,4.423,0
15:48:01.488,1,20575,27.179,0
15:48:01.493,2,28056,36.903,9
15:48:01.515,1,20576,22.153,0
15:48:01.532,2,28057,33.079,0
15:48:01.538,0,5460,35.397,11
15:48:01.642,1,20577,20.840,2
15:48:01.644,0,5461,12.194,2
15:48:01.650,2,28058,18.458,2
15:48:01.665,1,20578,11.229,0
15:48:01.678,2,28059,16.949,0
15:48:01.693,0,5463,18.697,0
15:48:01.712,2,28060,7.002,0
15:48:01.720,1,20580,23.777,0
15:48:01.725,0,5464,18.856,0
15:48:01.752,0,5465,4.426,0
15:48:01.758,1,20584,16.348,0
15:48:01.771,2,28062,20.822,0
15:48:01.790,1,20585,15.401,0
15:48:01.801,2,28063,12.280,0
15:48:01.838,2,28064,18.482,0
15:48:01.841,0,5467,17.155,1
15:48:01.881,0,5468,11.118,0
15:48:01.881,2,28065,16.031,0
15:48:01.890,1,20592,23.506,1
15:48:01.914,2,28066,7.110,0
15:48:01.939,1,20593,43.909,0
15:48:01.966,2,28067,18.130,0
15:48:01.983,1,20594,0.743,1
15:48:01.983,0,5473,37.035,1
15:48:02.001,2,28068,15.911,0
15:48:02.023,0,5474,35.269,0
15:48:02.038,2,28069,8.748,0
15:48:02.052,1,20596,24.434,0
15:48:02.060,0,5475,25.960,0
15:48:02.117,1,20597,16.689,1
15:48:02.117,0,5476,4.045,1
15:48:02.154,2,28076,42.083,1
15:48:02.319,2,28079,16.572,4
15:48:02.328,1,20600,23.785,4
15:48:02.330,0,5479,25.676,4
15:48:02.353,2,28080,10.689,0
15:48:02.363,1,20601,29.645,0
15:48:02.366,0,5480,18.910,0
15:48:02.388,2,28081,3.226,0
15:48:02.398,0,5481,7.583,0
15:48:02.399,1,20602,22.304,0
15:48:02.430,1,20603,7.154,0
15:48:02.434,0,5482,0.995,0
15:48:02.459,2,28083,0.612,1
15:48:02.469,0,5483,6.063,0
15:48:02.470,1,20604,16.149,0
15:48:02.506,1,20605,5.716,0
15:48:02.530,0,5485,25.071,0
15:48:02.533,2,28088,31.156,0
15:48:02.542,1,20606,1.308,0
15:48:02.563,0,5489,12.370,0
15:48:02.568,2,28089,22.529,0
15:48:02.605,0,5490,12.382,0
15:48:02.616,2,28090,27.489,0
15:48:02.650,1,20613,26.170,1
15:48:02.675,2,28091,5.824,1
15:48:02.697,1,20614,2.297,1
15:48:02.716,2,28092,9.158,0
15:48:02.729,0,5495,16.540,2
15:48:02.913,1,20620,16.054,4
15:48:02.947,0,5498,32.577,4
15:48:02.953,2,28101,7.575,5
15:48:02.973,1,20622,24.123,0
15:48:02.985,0,5499,32.604,0
15:48:02.989,2,28102,0.670,0
15:48:03.008,1,20623,33.090,0
15:48:03.018,0,5500,27.965,0
15:48:03.043,1,20624,26.792,0
15:48:03.052,0,5501,21.207,0
15:48:03.061,2,28104,2.443,1
15:48:03.079,1,20625,16.844,0
15:48:03.092,0,5502,19.491,0
15:48:03.113,1,20626,18.764,0
15:48:03.131,0,5503,25.915,0
15:48:03.133,2,28106,29.504,0
15:48:03.157,1,20627,21.212,0
15:48:03.166,2,28107,15.457,0
15:48:03.171,0,5504,22.565,0
15:48:03.197,1,20628,17.283,0
15:48:03.200,2,28108,13.632,0
15:48:03.209,0,5505,19.735,0
15:48:03.236,2,28109,16.492,0
15:48:03.238,1,20629,16.929,0
15:48:03.245,0,5506,13.400,0
15:48:03.277,2,28110,12.036,0
15:48:03.277,1,20630,23.448,0
15:48:03.282,0,5507,17.887,0
15:48:03.325,2,28111,18.188,0
15:48:03.329,0,5508,21.473,0
15:48:03.387,1,20637,90.526,0
15:48:03.485,0,5514,0.294,3
15:48:03.534,2,28113,25.942,4
15:48:03.546,1,20639,8.942,5
15:48:03.562,2,28117,21.324,0
15:48:03.617,1,20641,34.022,0
15:48:03.653,1,20642,31.349,0
15:48:03.659,2,28124,32.505,1
15:48:03.684,1,20643,28.162,0
15:48:03.688,2,28125,20.827,0
15:48:03.715,1,20644,18.274,0
15:48:03.718,2,28126,18.423,0
15:48:03.751,1,20648,7.350,0
15:48:03.771,2,28128,22.255,0
15:48:03.796,2,28129,10.349,0
15:48:03.812,1,20650,29.730,0
15:48:03.847,1,20651,32.591,0
15:48:03.855,2,28131,27.417,0
15:48:03.886,1,20652,30.264,0
15:48:03.890,2,28132,31.359,0
15:48:03.935,1,20653,32.905,0
15:48:03.937,2,28133,34.628,0
15:48:03.939,0,5518,33.641,10
15:48:04.058,2,28134,34.694,2
15:48:04.075,1,20654,19.740,3
15:48:04.081,0,5519,11.098,3
15:48:04.082,2,28135,19.876,0
15:48:04.117,2,28136,7.995,0
15:48:04.117,0,5520,4.749,0
15:48:04.159,2,28137,19.600,0
15:48:04.160,0,5521,15.497,0
15:48:04.174,1,20661,0.851,2
15:48:04.186,2,28138,4.315,0
15:48:04.191,0,5522,5.711,0
15:48:04.244,0,5523,14.472,0
15:48:04.245,1,20663,27.358,0
15:48:04.285,1,20664,23.470,0
15:48:04.288,0,5524,14.339,0
15:48:04.296,2,28146,24.537,1
15:48:04.311,1,20665,4.305,0
15:48:04.329,2,28147,29.182,0
15:48:04.331,0,5525,24.911,0
15:48:04.340,1,20666,3.087,0
15:48:04.364,2,28148,21.765,0
15:48:04.378,0,5526,31.373,0
15:48:04.396,2,28149,10.337,0
15:48:04.412,1,20668,34.753,0
15:48:04.413,0,5527,22.372,0
15:48:04.428,2,28150,1.634,0
15:48:04.447,0,5528,14.677,0
15:48:04.457,1,20669,34.946,0
15:48:04.462,2,28151,2.707,0
15:48:04.477,0,5529,10.400,0
15:48:04.501,1,20670,5.146,1
15:48:04.509,0,5530,0.956,0
15:48:04.524,2,28156,19.914,0
15:48:04.731,0,5537,19.470,4
15:48:04.736,2,28158,29.070,4
15:48:04.753,1,20672,8.549,5
15:48:04.758,0,5538,11.607,0
15:48:04.768,2,28159,17.393,0
15:48:04.792,0,5539,1.760,0
15:48:04.794,1,20676,8.327,0
15:48:04.801,2,28160,14.221,0
15:48:04.833,1,20677,15.913,0
15:48:04.833,2,28161,11.306,0
15:48:04.852,0,5541,22.018,0
15:48:04.867,1,20678,11.110,0
15:48:04.886,0,5542,11.864,0
15:48:04.893,2,28163,24.856,0
15:48:04.930,0,5543,26.312,0
15:48:04.995,0,5547,5.702,1
15:48:05.012,1,20685,35.896,2
15:48:05.038,0,5548,5.332,0
15:48:05.038,2,28171,10.301,3
15:48:05.048,1,20686,33.024,0
15:48:05.073,0,5549,8.086,0
15:48:05.076,2,28172,9.172,0
15:48:05.085,1,20687,24.763,0
15:48:05.109,2,28173,7.773,0
15:48:05.112,0,5550,4.073,0
15:48:05.125,1,20688,22.349,0
15:48:05.312,2,28176,5.122,4
15:48:05.313,0,5553,40.733,3
15:48:05.324,1,20691,23.949,4
15:48:05.349,2,28177,1.107,0
15:48:05.366,1,20692,20.268,0
15:48:05.398,2,28178,3.157,0
15:48:05.410,1,20693,22.740,0
15:48:05.415,0,5558,20.362,2
15:48:05.433,2,28179,13.443,0
15:48:05.448,0,5559,17.172,0
15:48:05.452,1,20694,38.300,0
15:48:05.466,2,28180,3.108,0
15:48:05.485,0,5560,12.786,0
15:48:05.486,1,20695,30.207,0
15:48:05.519,0,5561,15.532,0
15:48:05.519,1,20696,19.073,0
15:48:05.533,2,28185,25.127,0
15:48:05.553,0,5562,2.841,0
15:48:05.554,1,20697,11.227,0
15:48:05.566,2,28186,16.610,0
15:48:05.588,1,20698,14.255,0
15:48:05.602,2,28187,21.913,0
15:48:05.620,1,20699,2.986,0
15:48:05.621,0,5564,31.032,0
15:48:05.638,2,28188,14.226,0
15:48:05.654,0,5565,20.395,0
15:48:05.714,0,5566,4.031,1
15:48:05.739,1,20706,35.624,1
15:48:05.798,2,28195,84.334,1
15:48:05.931,2,28198,29.594,4
15:48:05.942,0,5569,31.154,4
15:48:05.960,1,20712,16.287,5
15:48:05.963,2,28199,18.779,0
15:48:05.975,0,5570,20.802,0
15:48:05.992,1,20713,15.823,0
15:48:05.993,2,28200,5.882,0
15:48:06.017,0,5574,32.262,0
15:48:06.024,1,20714,3.543,0
15:48:06.046,0,5575,20.768,0
15:48:06.055,2,28202,27.304,0
15:48:06.092,2,28203,29.405,0
15:48:06.098,1,20716,35.182,0
15:48:06.145,2,28204,41.626,0
15:48:06.147,1,20717,8.341,1
15:48:06.164,0,5580,15.534,2
15:48:06.179,2,28205,30.134,0
15:48:06.182,1,20718,5.661,0
15:48:06.199,0,5581,12.686,0
15:48:06.210,2,28206,22.770,0
15:48:06.231,0,5582,0.575,0
15:48:06.244,2,28207,23.558,0
15:48:06.248,1,20720,27.064,0
15:48:06.282,1,20721,14.754,0
15:48:06.282,2,28208,16.846,0
15:48:06.303,0,5584,29.012,0
15:48:06.318,1,20722,22.067,0
15:48:06.320,2,28209,11.428,0
15:48:06.334,0,5585,29.999,0
15:48:06.525,2,28217,24.754,4
15:48:06.545,0,5587,35.288,4
15:48:06.571,2,28221,24.482,0
15:48:06.590,0,5588,0.769,1
15:48:06.592,1,20730,2.247,6
15:48:06.604,2,28222,13.795,0
15:48:06.633,1,20731,16.894,0
15:48:06.635,2,28223,1.892,0
15:48:06.664,1,20732,7.218,0
15:48:06.671,2,28224,10.392,0
15:48:06.672,0,5590,40.745,0
15:48:06.707,0,5591,34.148,0
15:48:06.708,2,28225,3.298,0
15:48:06.741,1,20734,38.022,0
15:48:06.746,0,5592,1.524,1
15:48:06.780,2,28227,29.920,0
15:48:06.785,1,20738,9.288,1
15:48:06.812,0,5594,24.746,0
15:48:06.822,2,28228,0.312,1
15:48:06.830,1,20739,9.997,0
15:48:06.873,1,20740,6.099,0
15:48:06.918,2,28230,8.891,1
15:48:06.921,1,20741,16.201,0
15:48:06.933,0,5599,27.218,2
15:48:07.117,2,28233,16.105,4
15:48:07.126,0,5605,16.898,4
15:48:07.132,1,20744,35.017,4
15:48:07.166,1,20745,25.145,0
15:48:07.180,0,5606,23.124,0
15:48:07.218,0,5607,28.817,0
15:48:07.219,1,20746,4.591,1
15:48:07.234,2,28240,1.652,2
15:48:07.248,0,5608,15.921,0
15:48:07.265,2,28241,2.443,0
15:48:07.284,0,5609,11.888,0
15:48:07.322,2,28242,13.456,0
15:48:07.323,0,5610,9.869,0
15:48:07.353,1,20754,10.009,2
15:48:07.359,2,28243,12.698,0
15:48:07.367,0,5611,22.940,0
15:48:07.394,2,28244,4.702,0
15:48:07.395,1,20755,20.182,0
15:48:07.404,0,5612,15.897,0
15:48:07.430,2,28245,8.998,0
15:48:07.432,1,20756,12.633,0
15:48:07.440,0,5613,8.628,0
15:48:07.469,2,28246,2.450,0
15:48:07.471,1,20757,2.686,0
15:48:07.473,0,5614,0.806,0
15:48:07.511,0,5615,4.343,0
15:48:07.534,1,20759,24.968,0
15:48:07.547,2,28251,36.075,0
15:48:07.718,0,5622,10.138,4
15:48:07.731,1,20761,32.528,4
15:48:07.733,2,28253,32.139,4
15:48:07.763,1,20762,18.425,0
15:48:07.766,2,28254,19.915,0
15:48:07.788,0,5624,0.968,1
15:48:07.794,1,20766,19.701,0
15:48:07.801,2,28255,13.163,0
15:48:07.825,1,20767,7.445,0
15:48:07.838,2,28256,7.766,0
15:48:07.846,0,5626,18.101,0
15:48:07.863,1,20768,0.740,0
15:48:07.871,2,28257,6.966,0
15:48:07.877,0,5627,1.815,0
15:48:07.955,1,20770,18.909,1
15:48:07.967,0,5632,21.230,1
15:48:07.989,2,28265,39.699,1
15:48:07.992,1,20771,13.328,0
15:48:07.997,0,5633,3.861,0
15:48:08.018,2,28266,25.343,0
15:48:08.033,0,5634,1.960,0
15:48:08.075,2,28267,8.420,1
15:48:08.086,0,5635,12.360,0
15:48:08.111,1,20778,16.288,2
15:48:08.115,2,28268,2.788,0
15:48:08.121,0,5636,8.048,0
15:48:08.307,1,20781,5.114,4
15:48:08.308,0,5638,41.978,3
15:48:08.314,2,28271,11.527,4
15:48:08.349,2,28272,4.434,0
15:48:08.385,1,20783,8.593,1
15:48:08.391,2,28273,3.930,0
15:48:08.418,0,5643,26.943,2
15:48:08.422,1,20784,2.518,0
15:48:08.450,0,5644,18.726,0
15:48:08.456,2,28275,23.654,0
15:48:08.485,0,5645,12.230,0
15:48:08.489,1,20786,24.845,0
15:48:08.492,2,28276,28.013,0
15:48:08.526,1,20787,19.360,0
15:48:08.527,2,28280,21.445,0
15:48:08.527,0,5646,14.131,0
15:48:08.560,2,28281,5.966,0
15:48:08.568,0,5647,17.345,0
15:48:08.569,1,20788,32.913,0
15:48:08.604,2,28282,11.534,0
15:48:08.605,1,20789,26.000,0
15:48:08.605,0,5648,12.171,0
15:48:08.635,0,5649,3.043,0
15:48:08.638,1,20790,14.636,0
15:48:08.686,0,5650,8.605,0
15:48:08.689,1,20791,20.426,0
15:48:08.723,1,20792,26.456,0
15:48:08.726,0,5651,13.365,0
15:48:08.729,2,28290,19.696,2
15:48:08.928,1,20803,25.343,4
15:48:08.952,0,5654,40.537,4
15:48:08.954,2,28293,8.882,5
15:48:08.959,1,20804,13.238,0
15:48:08.983,0,5655,25.789,0
15:48:08.991,1,20805,0.132,0
15:48:09.021,2,28295,29.099,0
15:48:09.024,1,20806,1.465,0
15:48:09.024,0,5659,38.084,0
15:48:09.055,0,5660,23.383,0
15:48:09.057,2,28296,25.066,0
15:48:09.085,2,28297,12.340,0
15:48:09.092,1,20808,31.693,0
15:48:09.130,2,28298,28.215,0
15:48:09.139,1,20809,33.347,0
15:48:09.164,2,28299,19.069,0
15:48:09.169,0,5665,21.790,2
15:48:09.177,1,20810,2.005,1
15:48:09.198,2,28300,9.959,0
15:48:09.204,0,5666,12.433,0
15:48:09.237,0,5667,3.928,0
15:48:09.247,1,20812,28.644,0
15:48:09.264,2,28302,34.887,0
15:48:09.271,0,5668,4.659,0
15:48:09.285,1,20813,18.376,0
15:48:09.307,2,28303,42.201,0
15:48:09.322,1,20814,10.763,0
15:48:09.335,0,5670,20.460,0
15:48:09.346,2,28304,33.165,0
15:48:09.485,0,5672,14.783,3
15:48:09.505,1,20816,5.783,4
15:48:09.529,0,5673,14.012,0
15:48:09.568,0,5674,22.726,0
15:48:09.570,2,28312,27.540,5
15:48:09.610,0,5675,18.913,0
15:48:09.613,2,28316,20.122,0
15:48:09.630,1,20823,14.424,2
15:48:09.642,0,5676,7.876,0
15:48:09.646,2,28317,17.673,0
15:48:09.665,1,20824,6.748,0
15:48:09.678,2,28318,9.009,0
15:48:09.711,2,28319,4.673,0
15:48:09.712,0,5678,2.110,1
15:48:09.727,1,20826,17.773,0
15:48:09.760,1,20830,7.852,0
15:48:09.782,2,28321,28.992,0
15:48:09.798,1,20831,22.640,0
15:48:09.838,2,28322,8.267,1
15:48:09.843,1,20832,22.509,0
15:48:09.866,0,5684,33.106,2
15:48:09.879,1,20833,6.969,0
15:48:09.891,0,5685,17.918,0
15:48:09.901,2,28324,30.348,0
15:48:09.919,1,20834,7.359,0
15:48:09.924,0,5686,12.220,0
15:48:09.932,2,28325,24.660,0
15:48:10.093,2,28327,23.835,3
15:48:10.103,0,5692,28.760,3
15:48:10.112,1,20836,6.120,4
15:48:10.121,2,28328,12.157,0
15:48:10.144,0,5693,37.559,0
15:48:10.145,1,20837,6.863,0
15:48:10.150,2,28329,7.325,0
15:48:10.181,0,5694,31.129,0
15:48:10.218,1,20839,38.615,0
15:48:10.220,0,5695,27.173,0
15:48:10.257,1,20840,34.925,0
15:48:10.259,0,5696,32.678,0
15:48:10.260,2,28336,29.391,1
15:48:10.304,2,28337,32.911,0
15:48:10.307,0,5697,37.688,0
15:48:10.350,2,28338,6.327,1
15:48:10.361,0,5698,7.159,1
15:48:10.376,1,20847,38.529,2
15:48:10.394,2,28339,5.519,0
15:48:10.395,0,5699,9.143,0
15:48:10.411,1,20848,24.481,0
15:48:10.443,1,20849,7.736,0
15:48:10.461,2,28341,23.513,0
15:48:10.469,0,5701,33.063,0
15:48:10.476,1,20850,19.844,0
15:48:10.506,2,28342,1.653,1
15:48:10.521,1,20851,22.534,0
15:48:10.587,0,5706,73.180,1
15:48:10.731,0,5709,21.818,4
15:48:10.733,2,28348,23.603,4
15:48:10.739,1,20854,3.049,5
15:48:10.764,0,5710,12.163,0
15:48:10.768,2,28349,18.047,0
15:48:10.797,0,5711,3.643,0
15:48:10.798,2,28350,16.606,0
15:48:10.813,1,20859,33.869,0
15:48:10.830,2,28351,1.300,0
15:48:10.833,0,5712,1.423,0
15:48:10.848,1,20860,21.423,0
15:48:10.880,1,20861,13.962,0
15:48:10.895,2,28353,23.324,0
15:48:10.897,0,5714,24.876,0
15:48:10.914,1,20862,15.666,0
15:48:10.930,0,5715,16.269,0
15:48:10.968,1,20863,28.431,0
15:48:10.980,0,5719,23.578,0
15:48:11.008,1,20864,20.896,0
15:48:11.008,2,28360,18.275,2
15:48:11.014,0,5720,26.022,0
15:48:11.042,2,28361,11.272,0
15:48:11.048,0,5721,15.106,0
15:48:11.087,2,28362,8.621,0
15:48:11.103,0,5722,24.706,0
15:48:11.125,1,20871,25.483,2
15:48:11.128,2,28363,24.174,0
15:48:11.144,0,5723,30.011,0
15:48:11.326,0,5729,16.928,4
15:48:11.339,2,28366,33.982,4
15:48:11.344,1,20874,3.309,5
15:48:11.355,0,5730,0.815,0
15:48:11.375,2,28367,20.950,0
15:48:11.408,1,20876,24.568,0
15:48:11.414,2,28368,30.155,0
15:48:11.418,0,5732,31.340,0
15:48:11.435,1,20877,7.741,0
15:48:11.445,2,28369,19.185,0
15:48:11.452,0,5733,21.204,0
15:48:11.473,1,20878,16.973,0
15:48:11.480,2,28370,11.664,0
15:48:11.485,0,5734,13.092,0
15:48:11.506,1,20879,7.394,0
15:48:11.517,0,5735,3.197,0
15:48:11.525,2,28371,13.868,0
15:48:11.557,2,28372,6.695,0
15:48:11.577,1,20881,26.547,0
15:48:11.593,0,5737,2.413,1
15:48:11.594,2,28376,5.735,0
15:48:11.625,1,20882,7.405,1
15:48:11.630,2,28377,1.356,0
15:48:11.667,0,5739,35.118,0
15:48:11.710,1,20884,6.383,1
15:48:11.719,0,5740,11.053,1
15:48:11.743,2,28385,33.318,1
15:48:11.914,2,28388,6.922,4
15:48:11.915,0,5742,4.629,4
15:48:11.965,2,28389,12.948,0
15:48:12.026,2,28390,2.848,1
15:48:12.036,1,20895,16.236,7
15:48:12.051,0,5747,23.028,2
15:48:12.068,1,20896,0.481,0
15:48:12.083,0,5751,9.903,0
15:48:12.112,2,28392,2.237,1
15:48:12.148,1,20898,9.078,1
15:48:12.152,0,5753,32.853,0
15:48:12.174,2,28394,20.362,0
15:48:12.187,1,20899,7.340,0
15:48:12.193,0,5754,4.061,1
15:48:12.204,2,28395,20.316,0
15:48:12.236,2,28396,3.717,0
15:48:12.268,0,5756,33.701,0
15:48:12.269,1,20901,0.623,1
15:48:12.313,1,20902,16.484,0
15:48:12.315,0,5757,40.265,0
15:48:12.316,2,28398,5.714,1
15:48:12.354,0,5758,36.296,0
15:48:12.513,0,5760,3.061,4
15:48:12.513,1,20905,10.081,4
15:48:12.550,1,20906,5.410,0
15:48:12.561,0,5761,6.714,0
15:48:12.577,2,28407,31.524,5
15:48:12.596,0,5762,9.868,0
15:48:12.605,1,20908,20.068,0
15:48:12.614,2,28411,25.293,0
15:48:12.636,1,20909,20.178,0
15:48:12.643,0,5763,11.176,0
15:48:12.645,2,28412,15.025,0
15:48:12.687,2,28413,22.671,0
15:48:12.692,0,5764,22.692,0
15:48:12.740,2,28414,33.813,0
15:48:12.751,1,20916,3.275,2
15:48:12.792,2,28415,39.995,0
15:48:12.795,1,20917,16.225,0
15:48:12.812,0,5769,21.309,2
15:48:12.821,2,28416,26.985,0
15:48:12.834,1,20921,13.819,0
15:48:12.845,0,5770,8.476,0
15:48:12.854,2,28417,30.963,0
15:48:12.874,1,20922,8.049,0
15:48:12.878,0,5771,2.060,0
15:48:12.888,2,28418,20.702,0
15:48:12.915,1,20923,6.238,0
15:48:12.918,0,5772,6.821,0
15:48:12.921,2,28419,9.598,0
15:48:13.103,0,5775,36.005,3
15:48:13.113,1,20926,8.689,4
15:48:13.118,2,28422,0.956,4
15:48:13.137,0,5779,26.584,0
15:48:13.150,2,28423,0.103,0
15:48:13.169,0,5780,14.070,0
15:48:13.178,1,20928,31.532,0
15:48:13.198,0,5781,2.231,0
15:48:13.207,1,20929,28.972,0
15:48:13.247,0,5782,19.854,0
15:48:13.263,1,20930,42.398,0
15:48:13.283,0,5783,14.317,0
15:48:13.285,2,28432,14.253,2
15:48:13.299,1,20931,34.283,0
15:48:13.316,0,5784,2.274,0
15:48:13.321,2,28433,16.923,0
15:48:13.335,1,20932,24.285,0
15:48:13.357,0,5785,1.123,0
15:48:13.358,2,28434,13.866,0
15:48:13.369,1,20933,30.581,0
15:48:13.397,0,5786,5.757,0
15:48:13.400,2,28435,9.161,0
15:48:13.458,2,28436,22.933,0
15:48:13.502,1,20940,4.146,3
15:48:13.513,2,28437,6.918,1
15:48:13.539,0,5791,24.119,2
15:48:13.713,1,20943,7.291,4
15:48:13.714,0,5794,2.706,4
15:48:13.728,2,28443,14.559,4
15:48:13.749,1,20944,3.789,0
15:48:13.764,2,28444,8.379,0
15:48:13.782,0,5796,27.837,0
15:48:13.788,1,20945,10.161,0
15:48:13.796,2,28445,10.928,0
15:48:13.812,0,5797,16.458,0
15:48:13.826,1,20949,6.349,0
15:48:13.834,2,28446,6.390,0
15:48:13.845,0,5798,9.708,0
15:48:13.877,0,5799,8.323,0
15:48:13.888,1,20951,24.174,0
15:48:13.912,0,5800,2.514,0
15:48:13.913,2,28448,41.081,0
15:48:13.920,1,20952,13.041,0
15:48:13.948,2,28449,3.748,1
15:48:13.951,1,20953,12.743,0
15:48:13.988,1,20954,7.676,0
15:48:13.998,0,5802,45.677,0
15:48:14.046,1,20955,16.920,0
15:48:14.064,0,5803,35.743,1
15:48:14.080,2,28456,9.066,2
15:48:14.085,1,20956,17.809,0
15:48:14.117,0,5807,0.783,1
15:48:14.119,2,28457,14.244,0
15:48:14.123,1,20957,23.902,0
15:48:14.300,0,5813,3.860,3
15:48:14.334,2,28460,26.002,4
15:48:14.354,1,20965,6.677,5
15:48:14.375,2,28461,13.611,0
15:48:14.389,1,20966,10.472,0
15:48:14.418,2,28462,27.081,0
15:48:14.422,1,20967,1.852,0
15:48:14.458,2,28463,23.193,0
15:48:14.494,1,20969,29.596,0
15:48:14.496,2,28464,17.233,0
15:48:14.528,1,20970,22.337,0
15:48:14.530,2,28465,24.474,0
15:48:14.562,1,20971,23.887,0
15:48:14.565,2,28466,12.815,0
15:48:14.591,1,20972,10.885,0
15:48:14.605,2,28470,10.847,0
15:48:14.627,1,20973,4.022,0
15:48:14.637,2,28471,4.850,0
15:48:14.675,2,28472,11.587,0
15:48:14.695,1,20975,29.552,0
15:48:14.712,2,28473,7.045,0
15:48:14.735,1,20976,38.212,0
15:48:14.751,0,5814,43.625,10
15:48:14.837,2,28482,9.379,1
15:48:14.891,1,20980,31.540,3
15:48:14.894,0,5815,16.752,3
15:48:14.897,2,28483,33.846,1
15:48:14.918,1,20981,16.595,0
15:48:14.932,0,5816,22.158,0
15:48:14.934,2,28484,28.384,0
15:48:14.987,2,28485,35.432,0
15:48:14.996,0,5817,0.876,1
15:48:15.018,1,20988,37.744,1
15:48:15.020,2,28486,25.750,0
15:48:15.053,1,20989,33.205,0
15:48:15.057,2,28487,31.285,0
15:48:15.073,0,5819,2.179,1
15:48:15.089,1,20990,23.180,0
15:48:15.091,2,28488,21.201,0
15:48:15.126,1,20991,8.311,0
15:48:15.126,2,28489,6.540,0
15:48:15.144,0,5824,24.140,0
15:48:15.161,1,20992,23.074,0
15:48:15.162,2,28490,10.771,0
15:48:15.183,0,5825,27.315,0
15:48:15.197,1,20993,17.700,0
15:48:15.202,2,28491,18.357,0
15:48:15.229,0,5826,33.112,0
15:48:15.236,1,20994,9.975,0
15:48:15.238,2,28492,4.583,0
15:48:15.271,1,20995,5.231,0
15:48:15.273,0,5827,38.966,0
15:48:15.280,2,28493,1.227,0
15:48:15.313,1,20996,15.463,0
15:48:15.319,0,5828,4.261,1
15:48:15.324,2,28494,12.665,0
15:48:15.474,2,28503,6.092,1
15:48:15.558,1,20999,10.914,5
15:48:15.558,2,28504,7.115,3
15:48:15.587,0,5835,35.160,5
15:48:15.597,1,21000,7.107,0
15:48:15.603,2,28508,4.998,0
15:48:15.641,0,5836,4.189,1
15:48:15.642,1,21001,22.053,0
15:48:15.643,2,28509,9.398,0
15:48:15.679,0,5837,6.538,0
15:48:15.685,1,21002,21.861,0
15:48:15.686,2,28510,16.940,0
15:48:15.727,0,5838,8.531,0
15:48:15.733,2,28511,19.844,0
15:48:15.786,0,5839,25.550,0
15:48:15.794,2,28512,43.401,0
15:48:15.805,1,21010,26.204,2
15:48:15.831,0,5840,34.403,0
15:48:15.844,2,28513,16.149,1
15:48:15.845,1,21014,22.073,0
15:48:15.885,0,5841,6.144,1
15:48:15.886,1,21015,15.870,0
15:48:15.887,2,28514,15.038,0
15:48:15.933,1,21016,18.981,0
15:48:15.938,0,5842,21.830,0
15:48:15.939,2,28515,22.898,0
15:48:16.062,2,28517,4.198,1
15:48:16.120,1,21019,6.043,4
15:48:16.150,2,28519,5.283,3
15:48:16.163,0,5845,8.139,5
15:48:16.164,1,21020,23.244,0
15:48:16.207,2,28520,19.622,0
15:48:16.209,1,21021,25.946,0
15:48:16.210,0,5849,13.382,0
15:48:16.255,2,28521,19.949,0
15:48:16.255,0,5850,22.284,0
15:48:16.261,1,21022,29.459,0
15:48:16.296,0,5851,24.883,0
15:48:16.325,1,21023,22.450,1
15:48:16.352,0,5852,36.684,0
15:48:16.373,2,28529,20.147,2
15:48:16.373,1,21024,24.884,0
15:48:16.424,2,28530,36.423,0
15:48:16.428,1,21025,46.231,0
15:48:16.477,1,21026,9.075,1
15:48:16.479,2,28531,6.089,1
15:48:16.482,0,5858,1.652,3
15:48:16.519,1,21027,18.399,0
15:48:16.522,0,5859,7.010,0
15:48:16.526,2,28532,14.784,0
15:48:16.652,1,21035,2.660,1
15:48:16.655,2,28537,7.004,0
